-- phpMyAdmin SQL Dump
-- version 4.8.3
-- https://www.phpmyadmin.net/
--
-- Host: localhost:3306
-- Generation Time: Jan 29, 2019 at 08:21 PM
-- Server version: 5.6.41
-- PHP Version: 7.2.7

SET SQL_MODE = "NO_AUTO_VALUE_ON_ZERO";
SET AUTOCOMMIT = 0;
START TRANSACTION;
SET time_zone = "+00:00";


/*!40101 SET @OLD_CHARACTER_SET_CLIENT=@@CHARACTER_SET_CLIENT */;
/*!40101 SET @OLD_CHARACTER_SET_RESULTS=@@CHARACTER_SET_RESULTS */;
/*!40101 SET @OLD_COLLATION_CONNECTION=@@COLLATION_CONNECTION */;
/*!40101 SET NAMES utf8mb4 */;

--
-- Database: `jwsbmsin_db`
--

-- --------------------------------------------------------

--
-- Table structure for table `billing_schedule`
--

CREATE TABLE `billing_schedule` (
  `sched_id` int(11) NOT NULL,
  `barangay` varchar(255) NOT NULL,
  `meter_reading` int(11) NOT NULL,
  `distribution` int(11) NOT NULL,
  `grace_period` int(11) NOT NULL,
  `extension_with_penalty` int(11) NOT NULL,
  `disconnection` int(11) NOT NULL
) ENGINE=InnoDB DEFAULT CHARSET=latin1;

--
-- Dumping data for table `billing_schedule`
--

INSERT INTO `billing_schedule` (`sched_id`, `barangay`, `meter_reading`, `distribution`, `grace_period`, `extension_with_penalty`, `disconnection`) VALUES
(1, 'Tughan', 24, 1, 16, 21, 22),
(2, 'Binanuahan', 25, 2, 17, 22, 23),
(3, 'Cogon', 28, 5, 20, 25, 26),
(4, 'Embarcadero', 27, 4, 19, 24, 25),
(5, 'North Poblacion', 25, 2, 17, 22, 23),
(6, 'Catanagan', 27, 4, 19, 24, 25),
(7, 'Taboc', 25, 2, 17, 22, 23),
(8, 'Biriran', 27, 4, 19, 24, 25),
(9, 'South Poblacion', 26, 3, 18, 23, 24);

-- --------------------------------------------------------

--
-- Table structure for table `bills`
--

CREATE TABLE `bills` (
  `bill_id` int(11) NOT NULL,
  `consumer_id` int(11) NOT NULL,
  `reading_id` int(11) NOT NULL,
  `bill_status` varchar(25) NOT NULL,
  `bill_creator` varchar(24) NOT NULL,
  `prev_reading` int(25) NOT NULL,
  `curr_reading` int(25) NOT NULL,
  `rate` varchar(25) NOT NULL,
  `rate_amt` double(11,2) NOT NULL,
  `water_usage` int(11) NOT NULL,
  `water_fee` double(11,2) NOT NULL,
  `installation_fees` double(11,2) NOT NULL,
  `meter_fee` double(11,2) NOT NULL,
  `penalty` double(11,2) NOT NULL,
  `mlp` double(11,2) NOT NULL,
  `interest` double(11,2) NOT NULL,
  `reconnection_fee` double(11,2) NOT NULL,
  `others` double(11,2) NOT NULL,
  `total_amount` double(11,2) NOT NULL,
  `date_created` date NOT NULL,
  `due_date` date NOT NULL,
  `disconnection_date` date NOT NULL,
  `date_paid` date DEFAULT NULL,
  `discount` int(11) NOT NULL
) ENGINE=InnoDB DEFAULT CHARSET=latin1;

--
-- Dumping data for table `bills`
--

INSERT INTO `bills` (`bill_id`, `consumer_id`, `reading_id`, `bill_status`, `bill_creator`, `prev_reading`, `curr_reading`, `rate`, `rate_amt`, `water_usage`, `water_fee`, `installation_fees`, `meter_fee`, `penalty`, `mlp`, `interest`, `reconnection_fee`, `others`, `total_amount`, `date_created`, `due_date`, `disconnection_date`, `date_paid`, `discount`) VALUES
(54, 11, 17, 'Paid', 'ADMIN-001', 0, 900, 'Residential_Institutional', 0.00, 0, 0.00, 1075.00, 333.33, 0.00, 0.00, 0.00, 0.00, 0.00, 1408.33, '2018-08-19', '0000-00-00', '0000-00-00', '2018-08-19', 0),
(55, 12, 18, 'Paid', 'ADMIN-001', 0, 1000, 'Residential_Institutional', 17.00, 0, 0.00, 1075.00, 1000.00, 0.00, 0.00, 0.00, 0.00, 0.00, 1967.50, '2018-08-21', '0000-00-00', '0000-00-00', '2018-08-21', 10),
(56, 13, 26, 'Paid', 'ADMIN-001', 0, 1200, 'Residential_Institutional', 0.00, 0, 0.00, 1075.00, 1000.00, 0.00, 0.00, 0.00, 0.00, 0.00, 1967.50, '2018-08-25', '0000-00-00', '0000-00-00', '2018-08-25', 10),
(57, 14, 27, 'Paid', 'ADMIN-002', 0, 1100, 'Residential_Institutional', 0.00, 0, 0.00, 1075.00, 333.33, 0.00, 444.24, 50.00, 0.00, 0.00, 1902.57, '2018-08-25', '0000-00-00', '0000-00-00', '2018-08-25', 0),
(58, 15, 28, 'Paid', 'ADMIN-002', 0, 1300, 'Commercial', 25.50, 0, 0.00, 1075.00, 1000.00, 0.00, 0.00, 0.00, 0.00, 0.00, 1967.50, '2018-08-25', '0000-00-00', '0000-00-00', '2018-08-25', 10),
(59, 16, 29, 'Paid', 'ADMIN-002', 0, 1200, 'Residential_Institutional', 0.00, 0, 0.00, 1075.00, 1000.00, 0.00, 0.00, 0.00, 0.00, 0.00, 1967.50, '2018-08-25', '0000-00-00', '0000-00-00', '2018-08-25', 10),
(60, 17, 30, 'Paid', 'ADMIN-002', 0, 1300, 'Residential_Institutional', 17.00, 0, 0.00, 1075.00, 1000.00, 0.00, 284.32, 32.00, 0.00, 0.00, 2152.19, '2018-08-25', '0000-00-00', '0000-00-00', '2018-08-25', 10),
(62, 19, 32, 'Paid', 'ADMIN-002', 0, 1400, 'Commercial', 0.00, 0, 0.00, 1075.00, 1000.00, 0.00, 0.00, 0.00, 0.00, 0.00, 1967.50, '2018-08-25', '0000-00-00', '0000-00-00', '2018-08-25', 10),
(63, 20, 33, 'Paid', 'ADMIN-002', 0, 1500, 'Residential_Institutional', 0.00, 0, 0.00, 1075.00, 1000.00, 0.00, 0.00, 0.00, 0.00, 0.00, 1967.50, '2018-08-25', '0000-00-00', '0000-00-00', '2018-08-25', 10),
(65, 21, 35, 'Paid', 'ADMIN-002', 0, 1200, 'Residential_Institutional', 0.00, 0, 0.00, 1075.00, 1000.00, 0.00, 0.00, 0.00, 0.00, 0.00, 1967.50, '2018-08-25', '0000-00-00', '0000-00-00', '2018-08-25', 10),
(66, 22, 36, 'Paid', 'ADMIN-002', 0, 1300, 'Residential_Institutional', 0.00, 0, 0.00, 1075.00, 333.33, 0.00, 310.97, 35.00, 0.00, 0.00, 1754.30, '2018-08-25', '0000-00-00', '0000-00-00', '2018-08-25', 0),
(67, 23, 37, 'Paid', 'ADMIN-002', 0, 1500, 'Residential_Institutional', 0.00, 0, 0.00, 1075.00, 1000.00, 0.00, 0.00, 0.00, 0.00, 0.00, 1967.50, '2018-08-25', '0000-00-00', '0000-00-00', '2018-08-25', 10),
(86, 11, 56, 'Paid', 'ACC-001', 900, 934, 'Residential_Institutional', 17.00, 34, 578.00, 0.00, 333.33, 0.00, 0.00, 0.00, 0.00, 0.00, 911.33, '2018-09-16', '2018-10-20', '2018-10-26', '2018-10-03', 0),
(87, 12, 57, 'Paid', 'ACC-001', 1000, 1040, 'Residential_Institutional', 17.00, 40, 680.00, 0.00, 0.00, 0.00, 0.00, 0.00, 0.00, 0.00, 680.00, '2018-09-16', '2018-10-19', '2018-10-25', '2018-10-03', 0),
(90, 14, 60, 'Paid', 'ACC-001', 1100, 1132, 'Residential_Institutional', 17.00, 32, 544.00, 0.00, 333.33, 0.00, 444.24, 50.00, 0.00, 0.00, 1371.57, '2018-09-16', '2018-10-17', '2018-10-23', '2018-10-03', 0),
(91, 15, 61, 'Paid', 'ACC-001', 1300, 1355, 'Commercial', 25.50, 55, 1402.50, 0.00, 0.00, 0.00, 0.00, 0.00, 0.00, 0.00, 1402.50, '2018-09-16', '2018-10-17', '2018-10-23', '2018-10-09', 0),
(94, 13, 64, 'Paid', 'ACC-001', 1200, 1245, 'Residential_Institutional', 17.00, 45, 765.00, 0.00, 0.00, 0.00, 0.00, 0.00, 0.00, 0.00, 765.00, '2018-09-16', '2018-10-19', '2018-10-25', '2018-10-10', 0),
(96, 16, 66, 'Paid', 'ACC-001', 1200, 1249, 'Residential_Institutional', 17.00, 49, 833.00, 0.00, 0.00, 0.00, 0.00, 0.00, 0.00, 0.00, 833.00, '2018-09-16', '2018-10-16', '2018-10-22', '2018-10-10', 0),
(97, 19, 67, 'Paid', 'ACC-001', 1400, 1424, 'Commercial', 24.00, 24, 576.00, 0.00, 0.00, 0.00, 0.00, 0.00, 0.00, 0.00, 576.00, '2018-09-16', '2018-10-17', '2018-10-23', '2018-10-10', 0),
(98, 20, 68, 'Paid', 'ACC-001', 1500, 1540, 'Residential_Institutional', 17.00, 40, 680.00, 0.00, 0.00, 0.00, 0.00, 0.00, 0.00, 0.00, 680.00, '2018-09-16', '2018-10-19', '2018-10-25', '2018-10-10', 0),
(99, 21, 69, 'Paid', 'ACC-001', 1200, 1228, 'Residential_Institutional', 16.00, 28, 448.00, 0.00, 0.00, 0.00, 0.00, 0.00, 0.00, 0.00, 448.00, '2018-09-16', '2018-10-19', '2018-10-25', '2018-10-10', 0),
(100, 22, 70, 'Paid', 'ACC-001', 1300, 1330, 'Residential_Institutional', 16.00, 30, 480.00, 0.00, 333.33, 0.00, 310.97, 35.00, 0.00, 0.00, 1159.30, '2018-09-16', '2018-10-20', '2018-10-26', '2018-10-10', 0),
(101, 23, 71, 'Paid', 'ACC-001', 1500, 1540, 'Residential_Institutional', 17.00, 40, 680.00, 0.00, 0.00, 0.00, 0.00, 0.00, 0.00, 0.00, 680.00, '2018-09-16', '2018-10-19', '2018-10-25', '2018-10-10', 0),
(102, 17, 72, 'Paid', 'ACC-001', 1300, 1337, 'Residential_Institutional', 17.00, 37, 629.00, 0.00, 0.00, 0.00, 284.32, 32.00, 0.00, 0.00, 945.32, '2018-09-16', '2018-10-19', '2018-10-25', '2018-10-10', 0),
(104, 28, 74, 'Paid', 'admin', 0, 1000, 'Residential_Institutional', 0.00, 0, 0.00, 1075.00, 1000.00, 0.00, 0.00, 0.00, 0.00, 0.00, 1967.50, '2018-09-29', '0000-00-00', '0000-00-00', '2018-09-29', 10),
(105, 29, 75, 'Paid', 'admin', 0, 999, 'Residential_Institutional', 0.00, 0, 0.00, 1075.00, 1000.00, 0.00, 0.00, 0.00, 0.00, 0.00, 1967.50, '2018-09-29', '0000-00-00', '0000-00-00', '2018-09-29', 10),
(106, 30, 76, 'Paid', 'admin', 0, 1000, 'Residential_Institutional', 0.00, 0, 0.00, 1075.00, 1000.00, 0.00, 0.00, 0.00, 0.00, 0.00, 1967.50, '2018-09-29', '0000-00-00', '0000-00-00', '2018-09-29', 10),
(107, 31, 77, 'Paid', 'admin', 0, 999, 'Residential_Institutional', 0.00, 0, 0.00, 1075.00, 1000.00, 0.00, 0.00, 0.00, 0.00, 0.00, 1967.50, '2018-09-29', '0000-00-00', '0000-00-00', '2018-09-29', 10),
(108, 32, 78, 'Paid', 'admin', 0, 1000, 'Residential_Institutional', 0.00, 0, 0.00, 1075.00, 1000.00, 0.00, 0.00, 0.00, 0.00, 0.00, 1967.50, '2018-09-29', '0000-00-00', '0000-00-00', '2018-09-29', 10),
(109, 33, 79, 'Paid', 'admin', 0, 1000, 'Residential_Institutional', 0.00, 0, 0.00, 1075.00, 333.33, 0.00, 266.55, 30.00, 0.00, 0.00, 1704.88, '2018-09-29', '0000-00-00', '0000-00-00', '2018-09-29', 0),
(128, 11, 103, 'Paid', 'admin', 934, 950, 'Residential_Institutional', 15.00, 16, 240.00, 0.00, 333.33, 0.00, 0.00, 0.00, 0.00, 0.00, 573.33, '2018-10-15', '2018-11-19', '2018-11-25', '2018-11-13', 0),
(129, 13, 104, 'Paid', 'PLUMAPP', 1245, 1255, 'Residential_Institutional', 140.00, 10, 140.00, 0.00, 0.00, 0.00, 0.00, 0.00, 0.00, 0.00, 140.00, '2018-10-15', '2018-11-19', '2018-11-25', '2018-10-15', 0),
(131, 12, 106, 'Paid', 'admin', 1040, 1050, 'Residential_Institutional', 140.00, 10, 140.00, 0.00, 0.00, 0.00, 0.00, 0.00, 0.00, 0.00, 140.00, '2018-10-15', '2018-11-17', '2018-11-23', '2018-11-06', 0),
(132, 14, 107, 'Paid', 'admin', 1132, 1145, 'Residential_Institutional', 15.00, 13, 195.00, 0.00, 333.33, 0.00, 444.24, 50.00, 0.00, 0.00, 1022.57, '2018-10-25', '2018-11-17', '2018-11-23', '2018-11-13', 0),
(135, 16, 110, 'Paid', 'admin', 1249, 1256, 'Residential_Institutional', 140.00, 7, 140.00, 0.00, 0.00, 0.00, 0.00, 0.00, 0.00, 0.00, 140.00, '2018-10-25', '2018-11-19', '2018-11-25', '2018-11-13', 0),
(136, 17, 111, 'Paid', 'admin', 1337, 1350, 'Residential_Institutional', 15.00, 13, 195.00, 0.00, 0.00, 0.00, 284.32, 32.00, 0.00, 0.00, 511.32, '2018-10-25', '2018-11-16', '2018-11-22', '2018-11-13', 0),
(137, 19, 112, 'Paid', 'admin', 1424, 1435, 'Commercial', 22.50, 11, 247.50, 0.00, 0.00, 0.00, 0.00, 0.00, 0.00, 0.00, 247.50, '2018-10-25', '2018-11-17', '2018-11-23', '2018-11-13', 0),
(138, 20, 113, 'Paid', 'admin', 1540, 1555, 'Residential_Institutional', 15.00, 15, 225.00, 0.00, 0.00, 0.00, 0.00, 0.00, 0.00, 0.00, 225.00, '2018-10-25', '2018-11-19', '2018-11-25', '2018-11-13', 0),
(139, 21, 114, 'Paid', 'admin', 1228, 1240, 'Residential_Institutional', 15.00, 12, 180.00, 0.00, 0.00, 0.00, 0.00, 0.00, 0.00, 0.00, 180.00, '2018-10-25', '2018-11-19', '2018-11-25', '2018-11-13', 0),
(140, 22, 115, 'Paid', 'admin', 1330, 1360, 'Residential_Institutional', 16.00, 30, 480.00, 0.00, 333.33, 0.00, 310.97, 35.00, 0.00, 0.00, 1159.30, '2018-10-25', '2018-11-20', '2018-11-26', '2018-11-13', 0),
(142, 28, 117, 'Paid', 'admin', 1000, 1050, 'Residential_Institutional', 17.00, 50, 850.00, 0.00, 0.00, 0.00, 0.00, 0.00, 0.00, 0.00, 850.00, '2018-10-25', '2018-11-18', '2018-11-24', '2018-11-13', 0),
(143, 29, 118, 'Paid', 'admin', 999, 1020, 'Residential_Institutional', 16.00, 21, 336.00, 0.00, 0.00, 0.00, 0.00, 0.00, 0.00, 0.00, 336.00, '2018-10-25', '2018-11-16', '2018-11-22', '2018-11-13', 0),
(144, 30, 119, 'Paid', 'admin', 1000, 1042, 'Residential_Institutional', 17.00, 42, 714.00, 0.00, 0.00, 0.00, 0.00, 0.00, 0.00, 0.00, 571.20, '2018-10-25', '2018-11-19', '2018-11-25', '2018-11-13', 20),
(145, 31, 120, 'Paid', 'admin', 999, 1042, 'Residential_Institutional', 17.00, 43, 731.00, 0.00, 0.00, 0.00, 0.00, 0.00, 0.00, 0.00, 731.00, '2018-10-25', '2018-11-17', '2018-11-23', '2018-11-13', 0),
(146, 32, 121, 'Paid', 'admin', 1000, 1030, 'Residential_Institutional', 16.00, 30, 480.00, 0.00, 0.00, 0.00, 0.00, 0.00, 0.00, 0.00, 480.00, '2018-10-25', '2018-11-17', '2018-11-23', '2018-11-13', 0),
(147, 33, 122, 'Paid', 'admin', 1000, 1050, 'Residential_Institutional', 17.00, 50, 850.00, 0.00, 333.33, 0.00, 266.55, 30.00, 0.00, 0.00, 1479.88, '2018-10-25', '2018-11-18', '2018-11-24', '2018-11-13', 0),
(149, 15, 124, 'Paid', 'admin', 1355, 1366, 'Commercial', 22.50, 11, 247.50, 0.00, 0.00, 0.00, 0.00, 0.00, 0.00, 0.00, 247.50, '2018-10-25', '2018-11-17', '2018-11-23', '2018-11-13', 0),
(152, 11, 127, 'Paid', 'marie', 950, 960, 'Residential_Institutional', 140.00, 10, 140.00, 0.00, 333.33, 14.00, 0.00, 0.00, 0.00, 0.00, 440.00, '2018-11-28', '2018-12-19', '2018-12-25', '2018-12-22', 10),
(154, 13, 129, 'Paid', 'marie', 1255, 1265, 'Residential_Institutional', 140.00, 10, 140.00, 0.00, 0.00, 14.00, 0.00, 0.00, 0.00, 0.00, 154.00, '2018-11-28', '2018-12-19', '2018-12-25', '2018-12-22', 0),
(156, 12, 131, 'Paid', 'admin', 1050, 1069, 'Residential_Institutional', 15.00, 19, 285.00, 0.00, 0.00, 28.50, 0.00, 0.00, 0.00, 0.00, 313.50, '2018-11-28', '2018-12-17', '2018-12-23', '2018-12-22', 0),
(157, 14, 132, 'Paid', 'admin', 1145, 1177, 'Residential_Institutional', 17.00, 32, 544.00, 0.00, 333.33, 54.40, 444.24, 50.00, 0.00, 0.00, 1425.97, '2018-11-28', '2018-12-17', '2018-12-23', '2018-12-22', 0),
(158, 16, 133, 'Paid', 'admin', 1256, 1289, 'Residential_Institutional', 17.00, 33, 561.00, 0.00, 0.00, 56.10, 0.00, 0.00, 0.00, 0.00, 617.10, '2018-11-28', '2018-12-19', '2018-12-25', '2018-12-22', 0),
(159, 17, 134, 'Paid', 'admin', 1350, 1370, 'Residential_Institutional', 15.00, 20, 300.00, 0.00, 0.00, 30.00, 284.32, 32.00, 0.00, 0.00, 646.32, '2018-11-28', '2018-12-16', '2018-12-22', '2018-12-22', 0),
(160, 19, 135, 'Paid', 'admin', 1435, 1458, 'Commercial', 24.00, 23, 552.00, 0.00, 0.00, 55.20, 0.00, 0.00, 0.00, 0.00, 607.20, '2018-11-28', '2018-12-17', '2018-12-23', '2018-12-22', 0),
(161, 20, 136, 'Paid', 'admin', 1555, 1579, 'Residential_Institutional', 16.00, 24, 384.00, 0.00, 0.00, 38.40, 0.00, 0.00, 0.00, 0.00, 422.40, '2018-11-28', '2018-12-19', '2018-12-25', '2018-12-22', 0),
(162, 21, 137, 'Paid', 'admin', 1240, 1260, 'Residential_Institutional', 15.00, 20, 300.00, 0.00, 0.00, 30.00, 0.00, 0.00, 0.00, 0.00, 330.00, '2018-11-28', '2018-12-19', '2018-12-25', '2018-12-22', 0),
(163, 22, 138, 'Paid', 'admin', 1360, 1379, 'Residential_Institutional', 15.00, 19, 285.00, 0.00, 333.33, 28.50, 310.97, 35.00, 0.00, 0.00, 992.80, '2018-11-28', '2018-12-20', '2018-12-26', '2018-12-22', 0),
(164, 28, 139, 'Paid', 'admin', 1050, 1070, 'Residential_Institutional', 15.00, 20, 300.00, 0.00, 0.00, 30.00, 0.00, 0.00, 0.00, 0.00, 330.00, '2018-11-28', '2018-12-18', '2018-12-24', '2018-12-22', 0),
(165, 29, 140, 'Paid', 'admin', 1020, 1030, 'Residential_Institutional', 140.00, 10, 140.00, 0.00, 0.00, 14.00, 0.00, 0.00, 0.00, 0.00, 154.00, '2018-11-28', '2018-12-16', '2018-12-22', '2018-12-22', 0),
(166, 30, 141, 'Paid', 'admin', 1042, 1060, 'Residential_Institutional', 15.00, 18, 270.00, 0.00, 0.00, 27.00, 0.00, 0.00, 0.00, 0.00, 243.00, '2018-11-28', '2018-12-19', '2018-12-25', '2018-12-22', 20),
(167, 31, 142, 'Paid', 'admin', 1042, 1060, 'Residential_Institutional', 15.00, 18, 270.00, 0.00, 0.00, 27.00, 0.00, 0.00, 0.00, 0.00, 297.00, '2018-11-28', '2018-12-17', '2018-12-23', '2018-12-22', 0),
(168, 32, 143, 'Paid', 'admin', 1030, 1053, 'Residential_Institutional', 16.00, 23, 368.00, 0.00, 0.00, 36.80, 0.00, 0.00, 0.00, 0.00, 404.80, '2018-11-28', '2018-12-17', '2018-12-23', '2018-12-22', 0),
(169, 33, 144, 'Paid', 'admin', 1050, 1076, 'Residential_Institutional', 16.00, 26, 416.00, 0.00, 333.33, 41.60, 266.55, 30.00, 0.00, 0.00, 1087.48, '2018-11-28', '2018-12-18', '2018-12-24', '2018-12-22', 0),
(170, 15, 145, 'Paid', 'admin', 1366, 1387, 'Commercial', 24.00, 21, 504.00, 0.00, 0.00, 50.40, 0.00, 0.00, 0.00, 0.00, 554.40, '2018-11-28', '2018-12-17', '2018-12-23', '2018-12-22', 0),
(171, 11, 146, 'Paid', 'admin', 960, 970, 'Residential_Institutional', 140.00, 10, 140.00, 0.00, 333.33, 0.00, 0.00, 0.00, 0.00, 0.00, 473.33, '2018-12-22', '2019-01-19', '2019-01-25', '2019-01-10', 0),
(172, 13, 147, 'Paid', 'admin', 1265, 1277, 'Residential_Institutional', 15.00, 12, 180.00, 0.00, 0.00, 0.00, 0.00, 0.00, 0.00, 0.00, 180.00, '2018-12-22', '2019-01-19', '2019-01-25', '2019-01-10', 0),
(173, 12, 148, 'Paid', 'admin', 1069, 1089, 'Residential_Institutional', 15.00, 20, 300.00, 0.00, 0.00, 0.00, 0.00, 0.00, 0.00, 0.00, 300.00, '2018-12-22', '2019-01-17', '2019-01-23', '2019-01-10', 0),
(174, 14, 149, 'Paid', 'admin', 1177, 1188, 'Residential_Institutional', 15.00, 11, 165.00, 0.00, 333.33, 0.00, 444.24, 50.00, 0.00, 0.00, 992.57, '2018-12-22', '2019-01-17', '2019-01-23', '2019-01-10', 0),
(175, 16, 150, 'Paid', 'admin', 1289, 1299, 'Residential_Institutional', 140.00, 10, 140.00, 0.00, 0.00, 0.00, 0.00, 0.00, 0.00, 0.00, 140.00, '2018-12-22', '2019-01-19', '2019-01-25', '2019-01-10', 0),
(176, 17, 151, 'Paid', 'admin', 1370, 1389, 'Residential_Institutional', 15.00, 19, 285.00, 0.00, 0.00, 0.00, 284.32, 32.00, 0.00, 0.00, 601.32, '2018-12-22', '2019-01-16', '2019-01-22', '2019-01-10', 0),
(177, 19, 152, 'Paid', 'admin', 1458, 1469, 'Commercial', 22.50, 11, 247.50, 0.00, 0.00, 0.00, 0.00, 0.00, 0.00, 0.00, 247.50, '2018-12-22', '2019-01-17', '2019-01-23', '2019-01-10', 0),
(178, 20, 153, 'Paid', 'admin', 1579, 1589, 'Residential_Institutional', 140.00, 10, 140.00, 0.00, 0.00, 0.00, 0.00, 0.00, 0.00, 0.00, 140.00, '2018-12-22', '2019-01-19', '2019-01-25', '2019-01-10', 0),
(179, 21, 154, 'Paid', 'admin', 1260, 1270, 'Residential_Institutional', 140.00, 10, 140.00, 0.00, 0.00, 0.00, 0.00, 0.00, 0.00, 0.00, 140.00, '2018-12-22', '2019-01-19', '2019-01-25', '2019-01-10', 0),
(180, 22, 155, 'Paid', 'admin', 1379, 1389, 'Residential_Institutional', 140.00, 10, 140.00, 0.00, 333.33, 0.00, 310.97, 35.00, 0.00, 0.00, 819.30, '2018-12-22', '2019-01-20', '2019-01-26', '2019-01-10', 0),
(181, 28, 156, 'Paid', 'admin', 1070, 1080, 'Residential_Institutional', 140.00, 10, 140.00, 0.00, 0.00, 0.00, 0.00, 0.00, 0.00, 0.00, 140.00, '2018-12-22', '2019-01-18', '2019-01-24', '2019-01-10', 0),
(182, 29, 157, 'Paid', 'admin', 1030, 1050, 'Residential_Institutional', 15.00, 20, 300.00, 0.00, 0.00, 0.00, 0.00, 0.00, 0.00, 0.00, 300.00, '2018-12-22', '2019-01-16', '2019-01-22', '2019-01-10', 0),
(183, 30, 158, 'Paid', 'admin', 1060, 1070, 'Residential_Institutional', 140.00, 10, 140.00, 0.00, 0.00, 0.00, 0.00, 0.00, 0.00, 0.00, 112.00, '2018-12-22', '2019-01-19', '2019-01-25', '2019-01-10', 20),
(184, 31, 159, 'Paid', 'admin', 1060, 1077, 'Residential_Institutional', 15.00, 17, 255.00, 0.00, 0.00, 0.00, 0.00, 0.00, 0.00, 0.00, 255.00, '2018-12-22', '2019-01-17', '2019-01-23', '2019-01-10', 0),
(185, 32, 160, 'Paid', 'admin', 1053, 1069, 'Residential_Institutional', 15.00, 16, 240.00, 0.00, 0.00, 0.00, 0.00, 0.00, 0.00, 0.00, 240.00, '2018-12-22', '2019-01-17', '2019-01-23', '2019-01-10', 0),
(186, 33, 161, 'Paid', 'admin', 1076, 1089, 'Residential_Institutional', 15.00, 13, 195.00, 0.00, 333.33, 0.00, 266.55, 30.00, 0.00, 0.00, 824.88, '2018-12-22', '2019-01-18', '2019-01-24', '2019-01-10', 0),
(187, 15, 162, 'Paid', 'admin', 1387, 1397, 'Commercial', 210.00, 10, 210.00, 0.00, 0.00, 0.00, 0.00, 0.00, 0.00, 0.00, 210.00, '2018-12-22', '2019-01-17', '2019-01-23', '2019-01-10', 0);

-- --------------------------------------------------------

--
-- Table structure for table `consumers`
--

CREATE TABLE `consumers` (
  `account_no` int(25) NOT NULL,
  `meter_id` varchar(255) NOT NULL,
  `rate_id` varchar(255) NOT NULL,
  `firstname` varchar(255) NOT NULL,
  `middlename` varchar(255) DEFAULT NULL,
  `lastname` varchar(255) NOT NULL,
  `birth_date` date NOT NULL,
  `address` varchar(255) NOT NULL,
  `specific_address` varchar(255) NOT NULL,
  `phonenumber` varchar(24) DEFAULT NULL,
  `senior_citizen` tinyint(1) NOT NULL,
  `status` varchar(25) NOT NULL,
  `date_installed` date NOT NULL
) ENGINE=InnoDB DEFAULT CHARSET=latin1;

--
-- Dumping data for table `consumers`
--

INSERT INTO `consumers` (`account_no`, `meter_id`, `rate_id`, `firstname`, `middlename`, `lastname`, `birth_date`, `address`, `specific_address`, `phonenumber`, `senior_citizen`, `status`, `date_installed`) VALUES
(11, 'S06DS123456', 'Residential_Institutional', 'Jessa', 'J', 'Grajo', '1996-08-21', 'Catanagan', '#112', '09088925746', 0, 'Active', '2018-08-06'),
(12, '99M2093381', 'Residential_Institutional', 'Rose Ann', 'M', 'Escarcha', '1995-08-17', 'Binanuahan', '#115', '09316705233', 0, 'Active', '2018-08-14'),
(13, 'SWS1409121', 'Residential_Institutional', 'Jennina', 'C.', 'Jayco', '1998-06-22', 'Biriran', '#699', '09302437987', 0, 'Active', '2018-08-26'),
(14, 'SWS1409989', 'Residential_Institutional', 'Emie', 'G', 'Madrazo', '1980-10-11', 'Taboc', '#120', '09205671290', 0, 'Active', '2018-08-26'),
(15, 'SWS1409354', 'Commercial', 'Gianne', 'G', 'Chavez', '1992-02-09', 'North Poblacion', '#124', '09193344904', 0, 'Active', '2018-08-27'),
(16, 'SWS1409221', 'Residential_Institutional', 'Mark Arwin', 'A.', 'Dig', '1987-09-08', 'Biriran', '#126', '09119893026', 0, 'Active', '2018-08-28'),
(17, 'SWS1409702', 'Residential_Institutional', 'Analiza', ' ', 'Soriano', '1989-12-12', 'Tughan', '#128', '09222092412', 0, 'Active', '2018-08-28'),
(19, 'SWS1409991', 'Commercial', 'Anna', 'E', 'Espano', '1992-11-23', 'Binanuahan', '#132', '09209803412', 0, 'Active', '2018-08-27'),
(20, 'SWS1409241', 'Residential_Institutional', 'Mariel', 'R.', 'Garcia', '1989-10-30', 'Biriran', '#135', '09902431872', 0, 'Active', '2018-08-26'),
(21, 'SWS1409341', 'Residential_Institutional', 'Sheryl', 'B', 'Atole', '1984-02-14', 'Catanagan', '#138', '09201783720', 0, 'Active', '2018-08-29'),
(22, 'SWS1409674', 'Residential_Institutional', 'Karen ', 'E', 'Grefal', '1972-04-13', 'Cogon', '#140', '09092411986', 0, 'Active', '2018-08-26'),
(23, 'SWS1409921', 'Residential_Institutional', 'Laila', 'G', 'Habitan', '1982-03-17', 'Embarcadero', '#145', '09134554890', 0, 'Active', '2018-08-28'),
(28, 'SWS1409555', 'Residential_Institutional', 'John Isaac', 'D.', 'Domalayas', '1967-12-12', 'South Poblacion', '#150', '09302499901', 0, 'Active', '2018-09-27'),
(29, 'SWS140232', 'Residential_Institutional', 'Erwin', 'M.', 'Almonte', '1975-09-15', 'Tughan', '#155', '09191133229', 0, 'Active', '2018-09-25'),
(30, 'SWS1409901', 'Residential_Institutional', 'Jaysam', 'G', 'Gumal', '1948-11-25', 'Embarcadero', '#160', '09902458971', 1, 'Active', '2018-09-19'),
(31, 'SWS1409333', 'Residential_Institutional', 'Aleli', 'B.', 'Gruta', '1978-01-09', 'Taboc', '#175', '09258974011', 0, 'Active', '2018-09-21'),
(32, 'SWS140856', 'Residential_Institutional', 'John Aubry', 'H.', 'Atuli', '1987-05-15', 'North Poblacion', '#182', '09467317535', 0, 'Active', '2018-09-24'),
(33, 'SWS140777', 'Residential_Institutional', 'Shiela', 'G', 'Gumal', '1990-05-07', 'South Poblacion', '#190', '09204534533', 0, 'Active', '2018-09-25');

-- --------------------------------------------------------

--
-- Table structure for table `inspections`
--

CREATE TABLE `inspections` (
  `inspector_id` int(25) NOT NULL,
  `consumer_id` int(25) NOT NULL,
  `name` varchar(255) DEFAULT NULL,
  `inspection_date` date NOT NULL
) ENGINE=InnoDB DEFAULT CHARSET=latin1;

--
-- Dumping data for table `inspections`
--

INSERT INTO `inspections` (`inspector_id`, `consumer_id`, `name`, `inspection_date`) VALUES
(11, 11, 'Mark Hamor', '2018-08-07'),
(12, 12, 'Leon Manjares', '2018-08-15'),
(13, 13, 'Leon Manjares', '2018-08-25'),
(14, 14, 'Mark Hamor', '2018-08-25'),
(15, 15, 'Leon Manjares', '2018-08-25'),
(16, 16, 'Mark Hamor', '2018-08-25'),
(17, 17, 'Mark Hamor', '2018-08-25'),
(19, 19, 'Leon Manjares', '2018-08-25'),
(20, 20, 'Leon Manjares', '2018-08-25'),
(21, 21, 'Leon Manjares', '2018-08-25'),
(22, 22, 'Leon Manjares', '2018-08-25'),
(23, 23, 'Leon Manjares', '2018-08-25'),
(28, 28, 'Leon Manjares', '2018-09-26'),
(29, 29, 'Leon Manjares', '2018-09-24'),
(30, 30, 'Leon Manjares', '2018-09-18'),
(31, 31, 'Leon Manjares', '2018-09-20'),
(32, 32, 'Leon Manjares', '2018-09-23'),
(33, 33, 'Leon Manjares', '2018-09-24');

-- --------------------------------------------------------

--
-- Table structure for table `invoice`
--

CREATE TABLE `invoice` (
  `OR_no` varchar(255) NOT NULL,
  `bill_id` int(25) NOT NULL,
  `user_id` varchar(26) NOT NULL,
  `or_date` date NOT NULL,
  `remarks` varchar(25) NOT NULL
) ENGINE=InnoDB DEFAULT CHARSET=latin1;

--
-- Dumping data for table `invoice`
--

INSERT INTO `invoice` (`OR_no`, `bill_id`, `user_id`, `or_date`, `remarks`) VALUES
('123456', 128, 'elvy', '2018-11-13', 'none'),
('123457', 130, 'elvy', '2018-11-13', 'none'),
('123458', 132, 'elvy', '2018-11-13', 'none'),
('123459', 135, 'elvy', '2018-11-13', 'none'),
('123460', 136, 'elvy', '2018-11-13', 'none'),
('123461', 137, 'elvy', '2018-11-13', 'none'),
('123462', 138, 'elvy', '2018-11-13', 'none'),
('123463', 139, 'elvy', '2018-11-13', 'none'),
('123464', 140, 'elvy', '2018-11-13', 'none'),
('123465', 142, 'elvy', '2018-11-13', 'none'),
('123466', 143, 'elvy', '2018-11-13', 'none'),
('123467', 144, 'elvy', '2018-11-13', 'none'),
('123468', 145, 'elvy', '2018-11-13', 'none'),
('123469', 146, 'elvy', '2018-11-13', 'none'),
('123470', 147, 'elvy', '2018-11-13', 'none'),
('123471', 149, 'elvy', '2018-11-13', 'none'),
('588968745', 131, 'admin', '2018-11-06', 'none'),
('867431', 172, 'admin', '2019-01-10', 'none'),
('867432', 173, 'admin', '2019-01-10', 'none'),
('867433', 174, 'admin', '2019-01-10', 'none'),
('867436', 176, 'admin', '2019-01-10', 'none'),
('867437', 177, 'admin', '2019-01-10', 'none'),
('867438', 178, 'admin', '2019-01-10', 'none'),
('867439', 179, 'admin', '2019-01-10', 'none'),
('867440', 180, 'admin', '2019-01-10', 'none'),
('867441', 175, 'admin', '2019-01-10', 'none'),
('867442', 181, 'admin', '2019-01-10', 'none'),
('867443', 182, 'admin', '2019-01-10', 'none'),
('867444', 183, 'admin', '2019-01-10', 'none'),
('867445', 184, 'admin', '2019-01-10', 'none'),
('867446', 185, 'admin', '2019-01-10', 'none'),
('867447', 186, 'admin', '2019-01-10', 'none'),
('867448', 187, 'admin', '2019-01-10', 'none'),
('876560', 171, 'admin', '2019-01-10', 'none'),
('8994557', 51, 'ADMIN-001', '2018-08-10', 'none'),
('8994558', 54, 'ADMIN-001', '2018-08-19', 'none'),
('8994559', 61, 'CASHIER-001', '2018-08-25', 'none'),
('8994560', 62, 'CASHIER-001', '2018-08-25', 'none'),
('8994561', 55, 'ADMIN-001', '2018-08-25', 'none'),
('8994562', 56, 'ADMIN-001', '2018-08-25', 'none'),
('8994563', 57, 'ADMIN-001', '2018-08-25', 'none'),
('8994564', 58, 'ADMIN-001', '2018-08-25', 'none'),
('8994565', 59, 'ADMIN-001', '2018-08-25', 'none'),
('8994566', 60, 'CASHIER-001', '2018-08-25', 'none'),
('8994567', 63, 'CASHIER-001', '2018-08-25', 'none'),
('8994568', 65, 'CASHIER-001', '2018-08-25', 'none'),
('8994569', 66, 'CASHIER-001', '2018-08-25', 'none'),
('8994570', 67, 'ADMIN-002', '2018-08-25', 'none'),
('8994571', 86, 'CASHIER-001', '2018-10-03', 'none'),
('8994572', 104, 'CASHIER-001', '2018-09-29', 'none'),
('8994573', 105, 'CASHIER-001', '2018-09-29', 'none'),
('8994574', 106, 'CASHIER-001', '2018-09-29', 'none'),
('8994575', 107, 'CASHIER-001', '2018-09-29', 'none'),
('8994576', 108, 'CASHIER-001', '2018-09-29', 'none'),
('8994577', 109, 'CASHIER-001', '2018-09-29', 'none'),
('8995567', 87, 'CASHIER-001', '2018-10-03', 'none'),
('8997454', 90, 'CASHIER-001', '2018-10-03', 'none'),
('8997490', 95, 'admin', '2018-10-09', 'none'),
('8997491', 91, 'admin', '2018-10-09', 'none'),
('8997495', 94, 'admin', '2018-10-10', 'none'),
('8997496', 96, 'admin', '2018-10-10', 'none'),
('8997497', 97, 'admin', '2018-10-10', 'none'),
('8997498', 98, 'admin', '2018-10-10', 'none'),
('8997499', 99, 'admin', '2018-10-10', 'none'),
('8997500', 100, 'admin', '2018-10-10', 'none'),
('8997501', 101, 'admin', '2018-10-10', 'none'),
('8997503', 102, 'admin', '2018-10-10', 'none'),
('95668556', 125, 'admin ', '2018-10-15', 'none'),
('96837543', 127, 'admin', '2018-10-15', 'none'),
('98473841', 103, 'admin', '2018-10-10', 'none'),
('98569854', 129, 'admin', '2018-10-15', 'none'),
('99910', 157, 'admin', '2018-12-22', 'none'),
('99911', 158, 'admin', '2018-12-22', 'none'),
('99912', 159, 'admin', '2018-12-22', 'none'),
('99913', 160, 'admin', '2018-12-22', 'none'),
('99914', 161, 'admin', '2018-12-22', 'none'),
('99915', 162, 'admin', '2018-12-22', 'none'),
('99916', 163, 'admin', '2018-12-22', 'none'),
('99917', 164, 'admin', '2018-12-22', 'none'),
('99918', 165, 'admin', '2018-12-22', 'none'),
('99919', 166, 'admin', '2018-12-22', 'none'),
('99920', 167, 'admin', '2018-12-22', 'none'),
('99921', 168, 'admin', '2018-12-22', 'none'),
('99922', 169, 'admin', '2018-12-22', 'none'),
('99923', 170, 'admin', '2018-12-22', 'none'),
('99925', 156, 'admin', '2018-12-22', 'none'),
('99998', 152, 'admin', '2018-12-22', 'none'),
('99999', 154, 'admin', '2018-12-22', 'none');

-- --------------------------------------------------------

--
-- Table structure for table `loan`
--

CREATE TABLE `loan` (
  `loan_id` int(11) NOT NULL,
  `consumer_id` varchar(255) NOT NULL,
  `loan_type` varchar(255) NOT NULL,
  `loan_status` varchar(25) NOT NULL,
  `loan_amount` double(11,2) NOT NULL,
  `monthly_payment` double(11,2) NOT NULL,
  `interest` double(11,2) NOT NULL,
  `amount_paid` double(11,2) NOT NULL,
  `start_date` date NOT NULL,
  `end_date` date NOT NULL,
  `remarks` varchar(255) NOT NULL
) ENGINE=InnoDB DEFAULT CHARSET=latin1;

--
-- Dumping data for table `loan`
--

INSERT INTO `loan` (`loan_id`, `consumer_id`, `loan_type`, `loan_status`, `loan_amount`, `monthly_payment`, `interest`, `amount_paid`, `start_date`, `end_date`, `remarks`) VALUES
(7, '11', 'Meter Fee', 'Active', 1000.00, 333.33, 0.00, 1999.98, '2018-08-19', '2018-10-19', 'none'),
(8, '14', 'Meter Fee', 'Active', 1000.00, 333.33, 0.00, 1666.65, '2018-08-25', '2018-10-25', 'none'),
(9, '14', 'Material Loan', 'Active', 5000.00, 444.24, 50.00, 2221.20, '2018-08-25', '2019-07-25', 'none'),
(10, '17', 'Material Loan', 'Active', 3200.00, 284.32, 32.00, 1421.60, '2018-08-25', '2019-07-25', 'none'),
(12, '22', 'Meter Fee', 'Active', 1000.00, 333.33, 0.00, 1666.65, '2018-08-25', '2018-10-25', 'none'),
(13, '22', 'Material Loan', 'Active', 3500.00, 310.97, 35.00, 1554.85, '2018-08-25', '2019-07-25', 'none'),
(16, '33', 'Meter Fee', 'Paid', 1000.00, 333.33, 0.00, 666.66, '2018-09-29', '2018-11-29', 'none'),
(17, '33', 'Material Loan', 'Active', 3000.00, 266.55, 30.00, 533.10, '2018-09-29', '2019-08-29', 'none');

-- --------------------------------------------------------

--
-- Table structure for table `message_status`
--

CREATE TABLE `message_status` (
  `id` int(11) NOT NULL,
  `bill_id` int(11) NOT NULL
) ENGINE=MyISAM DEFAULT CHARSET=latin1;

--
-- Dumping data for table `message_status`
--

INSERT INTO `message_status` (`id`, `bill_id`) VALUES
(1, 94),
(2, 95),
(3, 86),
(4, 103),
(5, 126),
(6, 128),
(7, 109),
(8, 127);

-- --------------------------------------------------------

--
-- Table structure for table `rates`
--

CREATE TABLE `rates` (
  `connection_type` varchar(255) NOT NULL,
  `first_10_CU` double(11,2) NOT NULL,
  `11_CU` double(11,2) NOT NULL,
  `21_CU` double(11,2) NOT NULL,
  `31_CU` double(11,2) NOT NULL
) ENGINE=InnoDB DEFAULT CHARSET=latin1;

--
-- Dumping data for table `rates`
--

INSERT INTO `rates` (`connection_type`, `first_10_CU`, `11_CU`, `21_CU`, `31_CU`) VALUES
('Commercial', 210.00, 22.50, 24.00, 25.50),
('Residential_Institutional', 140.00, 15.00, 16.00, 17.00);

-- --------------------------------------------------------

--
-- Table structure for table `readings`
--

CREATE TABLE `readings` (
  `reading_id` int(11) NOT NULL,
  `consumer_id` varchar(25) NOT NULL,
  `meter_id` varchar(255) NOT NULL,
  `meter_reading` varchar(25) NOT NULL,
  `reading_date` date NOT NULL
) ENGINE=InnoDB DEFAULT CHARSET=latin1;

--
-- Dumping data for table `readings`
--

INSERT INTO `readings` (`reading_id`, `consumer_id`, `meter_id`, `meter_reading`, `reading_date`) VALUES
(17, '11', 'S06DS123456', '900', '2018-08-06'),
(18, '12', '99M2093381', '1000', '2018-08-14'),
(26, '13', 'SWS1409121', '1200', '2018-08-25'),
(27, '14', 'SWS1409989', '1100', '2018-08-26'),
(28, '15', 'SWS1409354', '1300', '2018-08-27'),
(29, '16', 'SWS1409221', '1200', '2018-08-28'),
(30, '17', 'SWS1409702', '1300', '2018-08-28'),
(32, '19', 'SWS1409991', '1400', '2018-08-27'),
(33, '20', 'SWS1409241', '1500', '2018-08-26'),
(35, '21', 'SWS1409341', '1200', '2018-08-29'),
(36, '22', 'SWS1409674', '1300', '2018-08-26'),
(37, '23', 'SWS1409921', '1500', '2018-08-28'),
(56, '11', 'S06DS123456', '934', '2018-09-25'),
(57, '12', '99M2093381', '1040', '2018-09-25'),
(60, '14', 'SWS1409989', '1132', '2018-09-25'),
(61, '15', 'SWS1409354', '1355', '2018-09-25'),
(64, '13', 'SWS1409121', '1245', '2018-09-25'),
(66, '16', 'SWS1409221', '1249', '2018-09-25'),
(67, '19', 'SWS1409991', '1424', '2018-09-25'),
(68, '20', 'SWS1409241', '1540', '2018-09-25'),
(69, '21', 'SWS1409341', '1228', '2018-09-25'),
(70, '22', 'SWS1409674', '1330', '2018-09-25'),
(71, '23', 'SWS1409921', '1540', '2018-09-25'),
(72, '17', 'SWS1409702', '1337', '2018-09-25'),
(74, '28', 'SWS1409555', '1000', '2018-09-27'),
(75, '29', 'SWS140232', '999', '2018-09-25'),
(76, '30', 'SWS1409901', '1000', '2018-09-19'),
(77, '31', 'SWS1409333', '999', '2018-09-21'),
(78, '32', 'SWS140856', '1000', '2018-09-24'),
(79, '33', 'SWS140777', '1000', '2018-09-25'),
(103, '11', 'S06DS123456', '950', '2018-10-23'),
(104, '13', 'SWS1409121', '1255', '2018-10-15'),
(106, '12', '99M2093381', '1050', '2018-10-23'),
(107, '14', 'SWS1409989', '1145', '2018-10-25'),
(110, '16', 'SWS1409221', '1256', '2018-10-25'),
(111, '17', 'SWS1409702', '1350', '2018-10-25'),
(112, '19', 'SWS1409991', '1435', '2018-10-25'),
(113, '20', 'SWS1409241', '1555', '2018-10-25'),
(114, '21', 'SWS1409341', '1240', '2018-10-25'),
(115, '22', 'SWS1409674', '1360', '2018-10-25'),
(117, '28', 'SWS1409555', '1050', '2018-10-25'),
(118, '29', 'SWS140232', '1020', '2018-10-25'),
(119, '30', 'SWS1409901', '1042', '2018-10-25'),
(120, '31', 'SWS1409333', '1042', '2018-10-25'),
(121, '32', 'SWS140856', '1030', '2018-10-25'),
(122, '33', 'SWS140777', '1050', '2018-10-25'),
(124, '15', 'SWS1409354', '1366', '2018-10-25'),
(127, '11', 'S06DS123456', '960', '2018-11-28'),
(129, '13', 'SWS1409121', '1265', '2018-11-28'),
(131, '12', '99M2093381', '1069', '2018-11-28'),
(132, '14', 'SWS1409989', '1177', '2018-11-28'),
(133, '16', 'SWS1409221', '1289', '2018-11-28'),
(134, '17', 'SWS1409702', '1370', '2018-11-28'),
(135, '19', 'SWS1409991', '1458', '2018-11-28'),
(136, '20', 'SWS1409241', '1579', '2018-11-28'),
(137, '21', 'SWS1409341', '1260', '2018-11-28'),
(138, '22', 'SWS1409674', '1379', '2018-11-28'),
(139, '28', 'SWS1409555', '1070', '2018-11-28'),
(140, '29', 'SWS140232', '1030', '2018-11-28'),
(141, '30', 'SWS1409901', '1060', '2018-11-28'),
(142, '31', 'SWS1409333', '1060', '2018-11-28'),
(143, '32', 'SWS140856', '1053', '2018-11-28'),
(144, '33', 'SWS140777', '1076', '2018-11-28'),
(145, '15', 'SWS1409354', '1387', '2018-11-28'),
(146, '11', 'S06DS123456', '970', '2018-12-26'),
(147, '13', 'SWS1409121', '1277', '2018-12-26'),
(148, '12', '99M2093381', '1089', '2018-12-26'),
(149, '14', 'SWS1409989', '1188', '2018-12-26'),
(150, '16', 'SWS1409221', '1299', '2018-12-26'),
(151, '17', 'SWS1409702', '1389', '2018-12-26'),
(152, '19', 'SWS1409991', '1469', '2018-12-26'),
(153, '20', 'SWS1409241', '1589', '2018-12-26'),
(154, '21', 'SWS1409341', '1270', '2018-12-26'),
(155, '22', 'SWS1409674', '1389', '2018-12-26'),
(156, '28', 'SWS1409555', '1080', '2018-12-26'),
(157, '29', 'SWS140232', '1050', '2018-12-26'),
(158, '30', 'SWS1409901', '1070', '2018-12-26'),
(159, '31', 'SWS1409333', '1077', '2018-12-26'),
(160, '32', 'SWS140856', '1069', '2018-12-26'),
(161, '33', 'SWS140777', '1089', '2018-12-26'),
(162, '15', 'SWS1409354', '1397', '2018-12-26');

-- --------------------------------------------------------

--
-- Table structure for table `reading_status`
--

CREATE TABLE `reading_status` (
  `barangay` varchar(25) NOT NULL,
  `reading` tinyint(1) NOT NULL,
  `date_finished` datetime(6) DEFAULT NULL
) ENGINE=InnoDB DEFAULT CHARSET=latin1 ROW_FORMAT=COMPACT;

--
-- Dumping data for table `reading_status`
--

INSERT INTO `reading_status` (`barangay`, `reading`, `date_finished`) VALUES
('Binanuahan', 1, '2018-11-13 11:12:00.000000'),
('Biriran', 1, '2018-11-13 11:12:00.000000'),
('Catanagan', 1, '2018-11-13 11:12:00.000000'),
('Cogon', 1, '2018-11-13 11:12:00.000000'),
('Embarcadero', 1, '2018-11-13 11:12:00.000000'),
('North Poblacion', 1, '2018-11-13 11:12:00.000000'),
('South Poblacion', 1, '2018-11-13 11:12:00.000000'),
('Taboc', 1, '2018-11-13 11:12:00.000000'),
('Tughan', 1, '2018-11-13 11:12:00.000000');

-- --------------------------------------------------------

--
-- Table structure for table `summary`
--

CREATE TABLE `summary` (
  `id` int(11) NOT NULL,
  `barangay` varchar(255) NOT NULL,
  `total_consumers` int(11) NOT NULL,
  `active_consumers` int(11) NOT NULL,
  `disconnected_consumers` int(11) DEFAULT NULL,
  `cu_used` int(11) DEFAULT NULL,
  `percent_cu` int(11) DEFAULT NULL,
  `collectible` double(11,2) DEFAULT NULL,
  `percent_collectible` int(11) DEFAULT NULL,
  `within_due` double(11,2) DEFAULT NULL,
  `after_due` double(11,2) DEFAULT NULL,
  `total` double(11,2) DEFAULT NULL,
  `percent_collected` int(11) DEFAULT NULL,
  `report_date` date NOT NULL
) ENGINE=MyISAM DEFAULT CHARSET=latin1;

--
-- Dumping data for table `summary`
--

INSERT INTO `summary` (`id`, `barangay`, `total_consumers`, `active_consumers`, `disconnected_consumers`, `cu_used`, `percent_cu`, `collectible`, `percent_collectible`, `within_due`, `after_due`, `total`, `percent_collected`, `report_date`) VALUES
(1, 'Binanuahan', 2, 2, 0, 64, 13, 1256.00, 5, 1256.00, 0.00, 1256.00, 5, '2018-09-15'),
(2, 'Biriran', 4, 4, 0, 180, 36, 3259.46, 14, 3259.46, 0.00, 3259.46, 14, '2018-09-15'),
(3, 'Catanagan', 2, 2, 0, 62, 12, 1359.33, 6, 1359.33, 0.00, 1359.33, 6, '2018-09-15'),
(4, 'Cogon', 2, 2, 0, 30, 6, 1159.30, 5, 1159.30, 0.00, 1159.30, 5, '2018-09-15'),
(5, 'Embarcadero', 2, 2, 0, 40, 8, 2647.50, 12, 2647.50, 0.00, 2647.50, 12, '2018-09-15'),
(6, 'North Poblacion', 2, 2, 0, 55, 11, 3370.00, 15, 3370.00, 0.00, 3370.00, 15, '2018-09-15'),
(7, 'South Poblacion', 2, 2, 0, 0, 0, 3672.38, 16, 3672.38, 0.00, 3672.38, 16, '2018-09-15'),
(8, 'Taboc', 2, 2, 0, 32, 6, 3339.07, 15, 3339.07, 0.00, 3339.07, 15, '2018-09-15'),
(9, 'Tughan', 2, 2, 0, 37, 7, 2912.82, 13, 2912.82, 0.00, 2912.82, 13, '2018-09-15'),
(10, 'Binanuahan', 3, 3, 0, 21, 5, 387.50, 4, 387.50, 0.00, 387.50, 4, '2018-10-01'),
(11, 'Biriran', 4, 4, 0, 32, 8, 505.00, 6, 505.00, 0.00, 505.00, 6, '2018-10-01'),
(12, 'Catanagan', 2, 2, 0, 28, 7, 753.33, 8, 753.33, 0.00, 753.33, 8, '2018-10-01'),
(13, 'Cogon', 1, 1, 0, 30, 8, 1159.30, 13, 1159.30, 0.00, 1159.30, 13, '2018-10-01'),
(14, 'Embarcadero', 2, 2, 0, 42, 11, 571.20, 6, 571.20, 0.00, 571.20, 6, '2018-10-01'),
(15, 'North Poblacion', 2, 2, 0, 41, 11, 727.50, 8, 727.50, 0.00, 727.50, 8, '2018-10-01'),
(16, 'South Poblacion', 2, 2, 0, 100, 26, 2329.88, 26, 2329.88, 0.00, 2329.88, 26, '2018-10-01'),
(17, 'Taboc', 2, 2, 0, 56, 15, 1753.57, 19, 1753.57, 0.00, 1753.57, 19, '2018-10-01'),
(18, 'Tughan', 2, 2, 0, 34, 9, 847.32, 9, 847.32, 0.00, 847.32, 9, '2018-10-01'),
(19, 'Binanuahan', 2, 2, 0, 42, 12, 920.70, 10, 0.00, 920.70, 920.70, 10, '2018-11-01'),
(20, 'Biriran', 4, 4, 0, 67, 19, 1193.50, 13, 0.00, 1193.50, 1193.50, 13, '2018-11-01'),
(21, 'Catanagan', 2, 2, 0, 30, 9, 770.00, 9, 0.00, 770.00, 770.00, 9, '2018-11-01'),
(22, 'Cogon', 1, 1, 0, 19, 5, 992.80, 11, 0.00, 992.80, 992.80, 11, '2018-11-01'),
(23, 'Embarcadero', 2, 2, 0, 18, 5, 243.00, 3, 0.00, 243.00, 243.00, 3, '2018-11-01'),
(24, 'North Poblacion', 2, 2, 0, 44, 13, 959.20, 11, 0.00, 959.20, 959.20, 11, '2018-11-01'),
(25, 'South Poblacion', 2, 2, 0, 46, 13, 1417.48, 16, 0.00, 1417.48, 1417.48, 16, '2018-11-01'),
(26, 'Taboc', 2, 2, 0, 50, 14, 1722.97, 19, 0.00, 1722.97, 1722.97, 19, '2018-11-01'),
(27, 'Tughan', 2, 2, 0, 30, 9, 800.32, 9, 0.00, 800.32, 800.32, 9, '2018-11-01'),
(28, 'Binanuahan', 2, 2, 0, 31, 14, 547.50, 9, 547.50, 0.00, 547.50, 9, '2018-12-01'),
(29, 'Biriran', 3, 3, 0, 32, 15, 460.00, 8, 460.00, 0.00, 460.00, 8, '2018-12-01'),
(30, 'Catanagan', 2, 2, 0, 20, 9, 613.33, 10, 613.33, 0.00, 613.33, 10, '2018-12-01'),
(31, 'Cogon', 1, 1, 0, 10, 5, 819.30, 13, 819.30, 0.00, 819.30, 13, '2018-12-01'),
(32, 'Embarcadero', 2, 2, 0, 10, 5, 112.00, 2, 112.00, 0.00, 112.00, 2, '2018-12-01'),
(33, 'North Poblacion', 2, 2, 0, 26, 12, 450.00, 7, 450.00, 0.00, 450.00, 7, '2018-12-01'),
(34, 'South Poblacion', 2, 2, 0, 23, 11, 964.88, 16, 964.88, 0.00, 964.88, 16, '2018-12-01'),
(35, 'Taboc', 2, 2, 0, 28, 13, 1247.57, 20, 1247.57, 0.00, 1247.57, 20, '2018-12-01'),
(36, 'Tughan', 2, 2, 0, 39, 18, 901.32, 15, 901.32, 0.00, 901.32, 15, '2018-12-01'),
(37, 'Binanuahan', 2, 2, 0, 0, 0, 0.00, 0, 0.00, 0.00, 0.00, 0, '2019-01-01'),
(38, 'Biriran', 3, 3, 0, 0, 0, 0.00, 0, 0.00, 0.00, 0.00, 0, '2019-01-01'),
(39, 'Catanagan', 2, 2, 0, 0, 0, 0.00, 0, 0.00, 0.00, 0.00, 0, '2019-01-01'),
(40, 'Cogon', 1, 1, 0, 0, 0, 0.00, 0, 0.00, 0.00, 0.00, 0, '2019-01-01'),
(41, 'Embarcadero', 2, 2, 0, 0, 0, 0.00, 0, 0.00, 0.00, 0.00, 0, '2019-01-01'),
(42, 'North Poblacion', 2, 2, 0, 0, 0, 0.00, 0, 0.00, 0.00, 0.00, 0, '2019-01-01'),
(43, 'South Poblacion', 2, 2, 0, 0, 0, 0.00, 0, 0.00, 0.00, 0.00, 0, '2019-01-01'),
(44, 'Taboc', 2, 2, 0, 0, 0, 0.00, 0, 0.00, 0.00, 0.00, 0, '2019-01-01'),
(45, 'Tughan', 2, 2, 0, 0, 0, 0.00, 0, 0.00, 0.00, 0.00, 0, '2019-01-01');

-- --------------------------------------------------------

--
-- Table structure for table `system_logs`
--

CREATE TABLE `system_logs` (
  `log_id` int(25) NOT NULL,
  `log_time` datetime(6) NOT NULL,
  `originator` varchar(25) NOT NULL,
  `type` varchar(25) NOT NULL,
  `description` varchar(255) NOT NULL
) ENGINE=InnoDB DEFAULT CHARSET=latin1;

--
-- Dumping data for table `system_logs`
--

INSERT INTO `system_logs` (`log_id`, `log_time`, `originator`, `type`, `description`) VALUES
(1073, '2018-09-29 15:38:00.000000', 'System', 'ALERT', 'Sent SMS Notifications.'),
(1074, '2018-09-29 15:38:00.000000', 'CASHIER-001', 'MODIFICATION', 'Added Invoice for Water Bill: WB-0090.'),
(1075, '2018-09-29 15:38:00.000000', 'System', 'ALERT', 'Sent SMS Notifications.'),
(1076, '2018-09-29 15:38:00.000000', 'CASHIER-001', 'MODIFICATION', 'Added Invoice for Water Bill: WB-0091.'),
(1077, '2018-09-29 15:39:00.000000', 'ADMIN-002', 'MODIFICATION', 'Changed Invoice Details for Water Bill: WB-0090.'),
(1078, '2018-09-29 15:39:00.000000', 'ADMIN-002', 'MODIFICATION', 'Changed Invoice Details for Water Bill: WB-0090.'),
(1079, '2018-09-29 15:40:00.000000', 'System', 'ALERT', 'CASHIER-001 has Logged Out.'),
(1080, '2018-09-29 15:40:00.000000', 'System', 'ALERT', 'ACC-001 has Logged In.'),
(1081, '2018-09-29 15:40:00.000000', 'ADMIN-002', 'MODIFICATION', 'Changed Invoice Details for Water Bill: WB-0090.'),
(1082, '2018-09-29 15:40:00.000000', 'ADMIN-002', 'MODIFICATION', 'Changed Bill Details for Water Bill: WB-0090.'),
(1083, '2018-09-29 15:41:00.000000', 'ADMIN-002', 'MODIFICATION', 'Changed Bill Details for Water Bill: WB-0091.'),
(1084, '2018-09-29 15:41:00.000000', 'System', 'ALERT', 'ACC-001 has Logged Out.'),
(1085, '2018-09-29 15:41:00.000000', 'ADMIN-002', 'MODIFICATION', 'Changed Invoice Details for Water Bill: WB-0091.'),
(1086, '2018-09-29 15:41:00.000000', 'ADMIN-002', 'MODIFICATION', 'Changed Bill Details for Water Bill: WB-0087.'),
(1087, '2018-09-29 15:41:00.000000', 'ADMIN-002', 'MODIFICATION', 'Changed Invoice Details for Water Bill: WB-0087.'),
(1088, '2018-09-29 15:42:00.000000', 'ADMIN-002', 'EXPORT', 'Printed Reading Sheet for Barangay: Binanuahan.'),
(1089, '2018-09-29 15:42:00.000000', 'ADMIN-002', 'EXPORT', 'Printed Reading Sheet for Barangay: Biriran.'),
(1090, '2018-09-29 15:42:00.000000', 'ADMIN-002', 'EXPORT', 'Printed Reading Sheet for Barangay: Biriran.'),
(1091, '2018-09-29 15:46:00.000000', 'System', 'ALERT', 'ADMIN-002 has Logged Out.'),
(1092, '2018-10-01 21:36:00.000000', 'System', 'ALERT', 'admin has Logged In.'),
(1093, '2018-10-02 15:01:00.000000', 'System', 'ALERT', 'admin has Logged In.'),
(1094, '2018-10-02 15:05:00.000000', 'admin', 'EXPORT', 'Printed Summary Report for 20-%20September-2018.'),
(1095, '2018-10-02 15:06:00.000000', 'admin', 'EXPORT', 'Printed Summary Report for 20-%20September-2018.'),
(1096, '2018-10-02 15:06:00.000000', 'admin', 'EXPORT', 'Printed Summary Report for 20-%20September-2018.'),
(1097, '2018-10-02 15:08:00.000000', 'admin', 'EXPORT', 'Printed Summary Report for 20-%20September-2018.'),
(1098, '2018-10-02 15:10:00.000000', 'admin', 'EXPORT', 'Printed Summary Report for -.'),
(1099, '2018-10-02 15:12:00.000000', 'admin', 'EXPORT', 'Printed Summary Report for -%20September-2018.'),
(1100, '2018-10-02 15:14:00.000000', 'admin', 'EXPORT', 'Printed Summary Report for -%20September-2018.'),
(1101, '2018-10-02 15:15:00.000000', 'System', 'ALERT', ' has Logged In.'),
(1102, '2018-10-02 15:15:00.000000', 'System', 'ALERT', 'admin has Logged In.'),
(1103, '2018-10-02 15:17:00.000000', 'CONAPP', 'ALERT', '2018-08-0010 has Logged In.'),
(1104, '2018-10-02 15:19:00.000000', 'System', 'ALERT', '2018-08-0010 has Logged Out.'),
(1105, '2018-10-02 15:20:00.000000', 'PLUMAPP', 'ALERT', 'jingoy has Logged In.'),
(1106, '2018-10-02 15:22:00.000000', 'System', 'ALERT', 'jingoy has Logged Out.'),
(1107, '2018-10-02 15:22:00.000000', 'admin', 'EXPORT', 'Printed Summary Report for September-2018.'),
(1108, '2018-10-02 15:23:00.000000', 'admin', 'EXPORT', 'Printed Summary Report for September-2018.'),
(1109, '2018-10-02 15:24:00.000000', 'System', 'ALERT', 'admin has Logged Out.'),
(1110, '2018-10-02 15:25:00.000000', 'admin', 'EXPORT', 'Printed Summary Report for 20-%20September-2018.'),
(1111, '2018-10-02 15:26:00.000000', 'admin', 'EXPORT', 'Printed Summary Report for September-2018.'),
(1112, '2018-10-02 15:26:00.000000', 'admin', 'EXPORT', 'Printed Summary Report for September-2018.'),
(1113, '2018-10-02 15:27:00.000000', 'admin', 'EXPORT', 'Printed Summary Report for September-2018.'),
(1114, '2018-10-02 15:31:00.000000', 'admin', 'EXPORT', 'Printed Summary Report for September-2018.'),
(1115, '2018-10-02 15:43:00.000000', '', 'EXPORT', 'Printed Summary Report for September-2018.'),
(1116, '2018-10-02 15:43:00.000000', 'System', 'ALERT', 'admin has Logged In.'),
(1117, '2018-10-02 15:44:00.000000', 'System', 'ALERT', 'admin has Logged In.'),
(1118, '2018-10-02 15:45:00.000000', 'admin', 'EXPORT', 'Printed Summary Report for October-2018.'),
(1119, '2018-10-02 15:49:00.000000', 'admin', 'EXPORT', 'Printed Summary Report for October-2018.'),
(1120, '2018-10-02 15:56:00.000000', 'System', 'ALERT', 'admin has Logged In.'),
(1121, '2018-10-02 15:58:00.000000', 'admin', 'EXPORT', 'Printed Summary Report for September-2018.'),
(1122, '2018-10-02 15:58:00.000000', 'admin', 'EXPORT', 'Printed the Ledger of Consumer: 0010.'),
(1123, '2018-10-02 15:58:00.000000', 'admin', 'EXPORT', 'Printed the Ledger of Consumer: 0010.'),
(1124, '2018-10-02 15:59:00.000000', 'admin', 'EXPORT', 'Printed the Ledger of Consumer: 0010.'),
(1125, '2018-10-02 16:01:00.000000', 'admin', 'EXPORT', 'Printed the Ledger of Consumer: 0013.'),
(1126, '2018-10-02 16:02:00.000000', 'admin', 'EXPORT', 'Printed Summary Report for October-2018.'),
(1127, '2018-10-02 16:02:00.000000', 'admin', 'EXPORT', 'Printed Summary Report for r-2018.'),
(1128, '2018-10-02 16:02:00.000000', 'admin', 'EXPORT', 'Printed the Ledger of Consumer: 0013.'),
(1129, '2018-10-02 16:02:00.000000', 'admin', 'EXPORT', 'Printed Summary Report for tober-2018.'),
(1130, '2018-10-02 16:02:00.000000', 'admin', 'EXPORT', 'Printed Summary Report for October-2018.'),
(1131, '2018-10-02 16:57:00.000000', 'System', 'ALERT', 'admin has Logged In.'),
(1132, '2018-10-02 16:59:00.000000', 'admin', 'EXPORT', 'Printed Abstract for October-2018-All Days.'),
(1133, '2018-10-03 13:35:00.000000', 'System', 'ALERT', 'admin has Logged In.'),
(1134, '2018-10-03 13:45:00.000000', 'admin', 'MODIFICATION', 'Added Consumer: a, a A.'),
(1135, '2018-10-03 13:49:00.000000', 'admin', 'MODIFICATION', 'Deleted Consumer: 0034.'),
(1136, '2018-10-03 13:50:00.000000', 'admin', 'MODIFICATION', 'Added Consumer: v, v V.'),
(1137, '2018-10-03 13:50:00.000000', 'admin', 'MODIFICATION', 'Deleted Consumer: 0035.'),
(1138, '2018-10-03 14:13:00.000000', 'admin', 'EXPORT', 'Printed Abstract for September-2018-All Days.'),
(1139, '2018-10-03 14:14:00.000000', 'admin', 'EXPORT', 'Printed Abstract for October-2018-All Days.'),
(1140, '2018-10-03 14:15:00.000000', 'admin', 'EXPORT', 'Printed Abstract for September-2018-All Days.'),
(1141, '2018-10-03 14:15:00.000000', 'admin', 'EXPORT', 'Printed Summary Report for October-2018.'),
(1142, '2018-10-03 14:16:00.000000', 'admin', 'EXPORT', 'Printed Summary Report for September-2018.'),
(1143, '2018-10-03 14:19:00.000000', 'System', 'ALERT', 'admin has Logged Out.'),
(1144, '2018-10-03 14:19:00.000000', 'System', 'ALERT', 'ACC-001 has Logged In.'),
(1145, '2018-10-03 14:26:00.000000', 'System', 'ALERT', 'ACC-001 has Logged Out.'),
(1146, '2018-10-03 14:26:00.000000', 'System', 'ALERT', 'admin has Logged In.'),
(1147, '2018-10-03 14:27:00.000000', 'admin', 'EXPORT', 'Printed Abstract for October-2018-All Days.'),
(1148, '2018-10-03 14:27:00.000000', 'admin', 'EXPORT', 'Printed Abstract for October-2018-All Days.'),
(1149, '2018-10-03 14:31:00.000000', 'admin', 'EXPORT', 'Printed Abstract for October-2018-All Days.'),
(1150, '2018-10-03 14:37:00.000000', 'admin', 'EXPORT', 'Printed Summary Report for September-2018.'),
(1151, '2018-10-03 14:38:00.000000', 'admin', 'EXPORT', 'Printed Summary Report for September-2018.'),
(1152, '2018-10-03 14:39:00.000000', 'admin', 'EXPORT', 'Printed Summary Report for October-2018.'),
(1153, '2018-10-03 14:40:00.000000', 'admin', 'EXPORT', 'Printed Summary Report for October-2018.'),
(1154, '2018-10-03 14:40:00.000000', 'admin', 'EXPORT', 'Printed Summary Report for October-2018.'),
(1155, '2018-10-03 14:41:00.000000', 'admin', 'EXPORT', 'Printed Summary Report for October-2018.'),
(1156, '2018-10-03 21:33:00.000000', 'System', 'ALERT', 'admin has Logged In.'),
(1157, '2018-10-05 15:05:00.000000', 'System', 'ALERT', 'admin has Logged In.'),
(1158, '2018-10-05 15:05:00.000000', 'CONAPP', 'ALERT', '2018-08-0011 has Logged In.'),
(1159, '2018-10-06 15:41:00.000000', 'CONAPP', 'ALERT', '2018-08-0011 has Logged In.'),
(1160, '2018-10-07 13:04:00.000000', 'System', 'ALERT', 'admin has Logged In.'),
(1161, '2018-10-07 13:05:00.000000', 'admin', 'MODIFICATION', 'Changed the Consumer Details of Consumer: 0011.'),
(1162, '2018-10-07 14:48:00.000000', 'System', 'ALERT', 'admin has Logged In.'),
(1163, '2018-10-08 10:31:00.000000', 'System', 'ALERT', 'admin has Logged In.'),
(1164, '2018-10-08 10:31:00.000000', 'admin', 'MODIFICATION', 'Changed Bill Details for Water Bill: WB-0103.'),
(1165, '2018-10-08 10:32:00.000000', 'admin', 'EXPORT', 'Printed Water Bill: WB-0103.'),
(1166, '2018-10-08 10:32:00.000000', 'admin', 'MODIFICATION', 'Changed Bill Details for Water Bill: WB-0103.'),
(1167, '2018-10-08 10:36:00.000000', 'admin', 'MODIFICATION', 'Changed Bill Details for Water Bill: WB-0103.'),
(1168, '2018-10-08 10:36:00.000000', 'admin', 'EXPORT', 'Printed Water Bill: WB-0103.'),
(1169, '2018-10-08 10:39:00.000000', 'admin', 'MODIFICATION', 'Changed Bill Details for Water Bill: WB-0103.'),
(1170, '2018-10-08 10:41:00.000000', 'System', 'ALERT', 'admin has Logged Out.'),
(1171, '2018-10-09 09:26:00.000000', 'System', 'ALERT', 'admin has Logged In.'),
(1172, '2018-10-09 09:29:00.000000', 'admin', 'MODIFICATION', 'Changed the Consumer Details of Consumer: 0013.'),
(1173, '2018-10-09 09:36:00.000000', 'admin', 'MODIFICATION', 'Changed the Consumer Details of Consumer: 0013.'),
(1174, '2018-10-09 09:36:00.000000', 'admin', 'ALERT', 'Sent SMS Notifications for Water Bill.'),
(1175, '2018-10-09 09:38:00.000000', 'admin', 'MODIFICATION', 'Changed the Consumer Details of Consumer: 0010.'),
(1176, '2018-10-09 09:39:00.000000', 'admin', 'ALERT', 'Sent SMS Notifications for Water Bill.'),
(1177, '2018-10-09 10:08:00.000000', 'System', 'ALERT', 'admin has Logged In.'),
(1178, '2018-10-09 10:10:00.000000', 'System', 'ALERT', 'Sent SMS Notifications.'),
(1179, '2018-10-09 10:10:00.000000', 'admin', 'MODIFICATION', 'Added Invoice for Water Bill: WB-0095.'),
(1180, '2018-10-09 10:14:00.000000', 'admin', 'MODIFICATION', 'Changed the Consumer Details of Consumer: 0013.'),
(1181, '2018-10-09 10:14:00.000000', 'admin', 'MODIFICATION', 'Changed the Consumer Details of Consumer: 0013.'),
(1182, '2018-10-09 10:16:00.000000', 'admin', 'MODIFICATION', 'Deleted Invoice for Water Bill: WB-0095.'),
(1183, '2018-10-09 10:17:00.000000', 'System', 'ALERT', 'Sent SMS Notifications.'),
(1184, '2018-10-09 10:17:00.000000', 'admin', 'MODIFICATION', 'Added Invoice for Water Bill: WB-0095.'),
(1185, '2018-10-09 10:20:00.000000', 'admin', 'MODIFICATION', 'Deleted Invoice for Water Bill: WB-0095.'),
(1186, '2018-10-09 10:21:00.000000', 'System', 'ALERT', 'Sent SMS Notifications.'),
(1187, '2018-10-09 10:21:00.000000', 'admin', 'MODIFICATION', 'Added Invoice for Water Bill: WB-0095.'),
(1188, '2018-10-09 10:23:00.000000', 'System', 'ALERT', 'Sent SMS Notifications.'),
(1189, '2018-10-09 10:23:00.000000', 'admin', 'MODIFICATION', 'Added Invoice for Water Bill: WB-0095.'),
(1190, '2018-10-09 10:28:00.000000', 'admin', 'MODIFICATION', 'Deleted Invoice for Water Bill: WB-0095.'),
(1191, '2018-10-09 10:29:00.000000', 'System', 'ALERT', 'Sent SMS Notifications.'),
(1192, '2018-10-09 10:29:00.000000', 'admin', 'MODIFICATION', 'Added Invoice for Water Bill: WB-0095.'),
(1193, '2018-10-09 10:42:00.000000', '', 'MODIFICATION', 'Deleted Invoice for Water Bill: WB-0091.'),
(1194, '2018-10-09 10:42:00.000000', 'System', 'ALERT', 'admin has Logged In.'),
(1195, '2018-10-09 10:45:00.000000', 'admin', 'MODIFICATION', 'Deleted Invoice for Water Bill: WB-0095.'),
(1196, '2018-10-09 10:45:00.000000', 'System', 'ALERT', 'Sent SMS Notifications.'),
(1197, '2018-10-09 10:45:00.000000', 'admin', 'MODIFICATION', 'Added Invoice for Water Bill: WB-0095.'),
(1198, '2018-10-09 10:51:00.000000', 'admin', 'MODIFICATION', 'Deleted Invoice for Water Bill: WB-0095.'),
(1199, '2018-10-09 11:08:00.000000', 'System', 'ALERT', 'admin has Logged In.'),
(1200, '2018-10-09 11:19:00.000000', 'admin', 'MODIFICATION', 'Water Bill Created for Consumer: 2018-08-001.'),
(1201, '2018-10-09 11:19:00.000000', 'admin', 'MODIFICATION', 'Deleted Water Bill: WB-0110.'),
(1202, '2018-10-09 11:20:00.000000', 'admin', 'MODIFICATION', 'Water Bill Created for Consumer: 2018-08-001.'),
(1203, '2018-10-09 11:21:00.000000', 'admin', 'MODIFICATION', 'Deleted Water Bill: WB-0111.'),
(1204, '2018-10-09 11:27:00.000000', 'System', 'ALERT', 'admin has Logged In.'),
(1205, '2018-10-09 11:43:00.000000', 'PLUMAPP', 'ALERT', 'p has Logged In.'),
(1206, '2018-10-09 11:43:00.000000', 'CONAPP', 'ALERT', '2018-08-0011 has Logged In.'),
(1207, '2018-10-09 11:44:00.000000', 'System', 'ALERT', 'p has Logged Out.'),
(1208, '2018-10-09 11:44:00.000000', 'System', 'ALERT', '2018-08-0011 has Logged Out.'),
(1209, '2018-10-09 11:44:00.000000', 'System', 'ALERT', 'admin has Logged In.'),
(1210, '2018-10-09 11:44:00.000000', 'System', 'ALERT', 'admin has Logged Out.'),
(1211, '2018-10-09 11:47:00.000000', 'System', 'ALERT', 'admin has Logged In.'),
(1212, '2018-10-09 11:47:00.000000', 'System', 'ALERT', 'admin has Logged Out.'),
(1213, '2018-10-09 11:47:00.000000', 'System', 'ALERT', 'admin has Logged In.'),
(1214, '2018-10-09 11:47:00.000000', 'System', 'ALERT', 'admin has Logged Out.'),
(1215, '2018-10-09 11:47:00.000000', 'System', 'ALERT', 'ACC-001 has Logged In.'),
(1216, '2018-10-09 11:50:00.000000', 'System', 'ALERT', 'ACC-001 has Logged Out.'),
(1217, '2018-10-10 10:56:00.000000', 'CONAPP', 'ALERT', '2018-08-0010 has Logged In.'),
(1218, '2018-10-10 10:57:00.000000', 'System', 'ALERT', '2018-08-0010 has Logged Out.'),
(1219, '2018-10-10 10:57:00.000000', 'PLUMAPP', 'ALERT', 'p has Logged In.'),
(1220, '2018-10-10 10:59:00.000000', 'System', 'ALERT', 'p has Logged Out.'),
(1221, '2018-10-10 11:02:00.000000', 'System', 'ALERT', 'admin has Logged In.'),
(1222, '2018-10-10 11:02:00.000000', 'admin', 'MODIFICATION', 'Deleted Water Bill: WB-0112.'),
(1223, '2018-10-10 11:03:00.000000', 'System', 'ALERT', 'Sent SMS Notifications.'),
(1224, '2018-10-10 11:03:00.000000', 'admin', 'MODIFICATION', 'Added Invoice for Water Bill: WB-0094.'),
(1225, '2018-10-10 11:06:00.000000', 'System', 'ALERT', 'Sent SMS Notifications.'),
(1226, '2018-10-10 11:06:00.000000', 'admin', 'MODIFICATION', 'Added Invoice for Water Bill: WB-0097.'),
(1227, '2018-10-10 11:06:00.000000', 'System', 'ALERT', 'Sent SMS Notifications.'),
(1228, '2018-10-10 11:06:00.000000', 'admin', 'MODIFICATION', 'Added Invoice for Water Bill: WB-0099.'),
(1229, '2018-10-10 11:06:00.000000', 'System', 'ALERT', 'Sent SMS Notifications.'),
(1230, '2018-10-10 11:06:00.000000', 'admin', 'MODIFICATION', 'Added Invoice for Water Bill: WB-0100.'),
(1231, '2018-10-10 11:07:00.000000', 'System', 'ALERT', 'Sent SMS Notifications.'),
(1232, '2018-10-10 11:07:00.000000', 'admin', 'MODIFICATION', 'Added Invoice for Water Bill: WB-0102.'),
(1233, '2018-10-10 11:08:00.000000', 'admin', 'MODIFICATION', 'Changed Loan Details for Loan: LOAN-0012.'),
(1234, '2018-10-10 11:17:00.000000', 'System', 'ALERT', 'admin has Logged In.'),
(1235, '2018-10-10 11:35:00.000000', 'System', 'ALERT', 'admin has Logged Out.'),
(1236, '2018-10-10 11:36:00.000000', 'System', 'ALERT', 'admin has Logged In.'),
(1237, '2018-10-10 11:38:00.000000', 'System', 'ALERT', 'admin has Logged Out.'),
(1238, '2018-10-10 11:38:00.000000', 'System', 'ALERT', 'admin has Logged In.'),
(1239, '2018-10-10 11:48:00.000000', 'admin', 'EXPORT', 'Printed Reading Sheet for Barangay: Binanuahan.'),
(1240, '2018-10-10 11:53:00.000000', 'System', 'ALERT', 'admin has Logged Out.'),
(1241, '2018-10-10 11:53:00.000000', 'System', 'ALERT', 'ACC-001 has Logged In.'),
(1242, '2018-10-10 11:53:00.000000', 'ACC-001', 'MODIFICATION', 'Water Bill Created for Consumer: 2018-08-001.'),
(1243, '2018-10-10 11:54:00.000000', 'ACC-001', 'MODIFICATION', 'Deleted Water Bill: WB-0113.'),
(1244, '2018-10-10 11:54:00.000000', 'System', 'ALERT', 'ACC-001 has Logged Out.'),
(1245, '2018-10-10 11:54:00.000000', 'System', 'ALERT', 'admin has Logged In.'),
(1246, '2018-10-10 11:54:00.000000', 'System', 'ALERT', 'admin has Logged Out.'),
(1247, '2018-10-10 14:03:00.000000', 'PLUMAPP', 'ALERT', 'p has Logged In.'),
(1248, '2018-10-10 14:04:00.000000', 'System', 'ALERT', 'p has Logged Out.'),
(1249, '2018-10-10 14:06:00.000000', 'PLUMAPP', 'ALERT', 'p has Logged In.'),
(1250, '2018-10-10 14:09:00.000000', 'System', 'ALERT', 'admin has Logged In.'),
(1251, '2018-10-10 14:12:00.000000', 'admin', 'EXPORT', 'Printed the Ledger of Consumer: 0010.'),
(1252, '2018-10-10 14:20:00.000000', 'System', 'ALERT', 'p has Logged Out.'),
(1253, '2018-10-10 14:20:00.000000', 'System', 'ALERT', 'Sent SMS Notifications.'),
(1254, '2018-10-10 14:20:00.000000', 'admin', 'MODIFICATION', 'Added Invoice for Water Bill: WB-0103.'),
(1255, '2018-10-10 14:20:00.000000', 'PLUMAPP', 'ALERT', 'p has Logged In.'),
(1256, '2018-10-10 14:21:00.000000', 'admin', 'EXPORT', 'Printed Water Bill: WB-0103.'),
(1257, '2018-10-10 14:21:00.000000', 'admin', 'EXPORT', 'Printed Water Bill: WB-0103.'),
(1258, '2018-10-10 14:23:00.000000', 'admin', 'MODIFICATION', 'Changed Reading Status for Barangay: Binanuahan.'),
(1259, '2018-10-10 14:24:00.000000', 'admin', 'MODIFICATION', 'Changed Reading Status for Barangay: Binanuahan.'),
(1260, '2018-10-10 14:26:00.000000', 'System', 'ALERT', 'p has Logged Out.'),
(1261, '2018-10-10 14:28:00.000000', 'PLUMAPP', 'ALERT', 'p has Logged In.'),
(1262, '2018-10-10 14:29:00.000000', 'System', 'ALERT', 'p has Logged Out.'),
(1263, '2018-10-10 14:37:00.000000', 'PLUMAPP', 'ALERT', 'p has Logged In.'),
(1264, '2018-10-10 14:48:00.000000', 'System', 'ALERT', 'admin has Logged In.'),
(1265, '2018-10-10 14:49:00.000000', 'System', 'ALERT', 'admin has Logged In.'),
(1266, '2018-10-10 14:49:00.000000', 'admin', 'MODIFICATION', 'Water Bill Created for Consumer: 2018-08-001.'),
(1267, '2018-10-10 14:51:00.000000', 'admin', 'MODIFICATION', 'Changed the Consumer Details of Consumer: 0011.'),
(1268, '2018-10-10 14:51:00.000000', 'admin', 'ALERT', 'Sent SMS Notifications for Water Bill.'),
(1269, '2018-10-10 14:54:00.000000', 'System', 'ALERT', 'admin has Logged Out.'),
(1270, '2018-10-10 14:54:00.000000', 'System', 'ALERT', 'CASHIER-001 has Logged In.'),
(1271, '2018-10-10 14:55:00.000000', 'System', 'ALERT', 'CASHIER-001 has Logged Out.'),
(1272, '2018-10-10 14:56:00.000000', 'System', 'ALERT', 'ACC-001 has Logged In.'),
(1273, '2018-10-10 14:57:00.000000', 'ACC-001', 'EXPORT', 'Printed Abstract for October-2018-All Days.'),
(1274, '2018-10-10 15:05:00.000000', 'System', 'ALERT', 'admin has Logged In.'),
(1275, '2018-10-10 17:42:00.000000', 'System', 'ALERT', 'admin has Logged In.'),
(1276, '2018-10-10 18:01:00.000000', 'System', 'ALERT', 'admin has Logged In.'),
(1277, '2018-10-10 18:34:00.000000', 'System', 'ALERT', 'admin has Logged In.'),
(1278, '2018-10-10 18:36:00.000000', 'System', 'ALERT', 'admin has Logged Out.'),
(1279, '2018-10-10 18:54:00.000000', 'System', 'ALERT', 'admin has Logged In.'),
(1280, '2018-10-10 18:54:00.000000', 'admin', 'MODIFICATION', 'Changed the Consumer Details of Consumer: 0010.'),
(1281, '2018-10-10 18:55:00.000000', 'PLUMAPP', 'ALERT', 'p has Logged In.'),
(1282, '2018-10-10 19:16:00.000000', 'PLUMAPP', 'ALERT', 'p has Logged In.'),
(1283, '2018-10-10 19:16:00.000000', 'System', 'ALERT', 'admin has Logged In.'),
(1284, '2018-10-10 19:26:00.000000', 'PLUMAPP', 'ALERT', 'p has Logged In.'),
(1285, '2018-10-10 19:27:00.000000', 'System', 'ALERT', 'admin has Logged In.'),
(1286, '2018-10-10 19:27:00.000000', 'admin', 'MODIFICATION', 'Changed the Consumer Details of Consumer: 0011.'),
(1287, '2018-10-10 19:31:00.000000', 'admin', 'MODIFICATION', 'Changed the Consumer Details of Consumer: 0011.'),
(1288, '2018-10-10 20:19:00.000000', 'System', 'ALERT', 'admin has Logged In.'),
(1289, '2018-10-10 20:19:00.000000', 'admin', 'MODIFICATION', 'Changed the Consumer Details of Consumer: 0012.'),
(1290, '2018-10-10 20:22:00.000000', 'admin', 'MODIFICATION', 'Changed the Consumer Details of Consumer: 0017.'),
(1291, '2018-10-10 20:23:00.000000', 'admin', 'MODIFICATION', 'Deleted Water Bill: WB-0115.'),
(1292, '2018-10-10 20:23:00.000000', 'admin', 'MODIFICATION', 'Deleted Water Bill: WB-0114.'),
(1293, '2018-10-10 20:33:00.000000', 'PLUMAPP', 'ALERT', 'p has Logged In.'),
(1294, '2018-10-10 20:40:00.000000', 'PLUMAPP', 'ALERT', 'p has Logged In.'),
(1295, '2018-10-10 20:43:00.000000', 'System', 'ALERT', 'admin has Logged In.'),
(1296, '2018-10-10 20:46:00.000000', 'System', 'ALERT', 'p has Logged Out.'),
(1297, '2018-10-10 20:54:00.000000', 'System', 'ALERT', 'admin has Logged In.'),
(1298, '2018-10-10 20:58:00.000000', 'PLUMAPP', 'ALERT', 'p has Logged In.'),
(1299, '2018-10-10 21:04:00.000000', 'admin', 'MODIFICATION', 'Deleted Water Bill: WB-0116.'),
(1300, '2018-10-10 21:06:00.000000', 'System', 'ALERT', 'p has Logged Out.'),
(1301, '2018-10-10 21:06:00.000000', 'System', 'ALERT', 'admin has Logged Out.'),
(1302, '2018-10-10 21:37:00.000000', 'System', 'ALERT', 'admin has Logged In.'),
(1303, '2018-10-10 21:37:00.000000', 'admin', 'MODIFICATION', 'Changed the Consumer Details of Consumer: 0010.'),
(1304, '2018-10-10 21:37:00.000000', 'admin', 'MODIFICATION', 'Changed the Consumer Details of Consumer: 0033.'),
(1305, '2018-10-10 21:38:00.000000', 'admin', 'MODIFICATION', 'Changed the Consumer Details of Consumer: 0033.'),
(1306, '2018-10-10 21:38:00.000000', 'admin', 'MODIFICATION', 'Added Loan for Consumer: 2018-08-002.'),
(1307, '2018-10-10 21:39:00.000000', 'admin', 'MODIFICATION', 'Added Loan for Consumer: 2018-08-002.'),
(1308, '2018-10-10 21:40:00.000000', 'admin', 'MODIFICATION', 'Deleted Loan: LOAN-0018.'),
(1309, '2018-10-10 21:40:00.000000', 'admin', 'MODIFICATION', 'Deleted Loan: LOAN-0019.'),
(1310, '2018-10-11 12:48:00.000000', 'System', 'ALERT', 'admin has Logged In.'),
(1311, '2018-10-11 12:49:00.000000', 'admin', 'ALERT', 'Sent SMS Notifications for Water Bill.'),
(1312, '2018-10-11 12:49:00.000000', 'System', 'ALERT', 'admin has Logged Out.'),
(1313, '2018-10-11 16:19:00.000000', 'CONAPP', 'ALERT', '2018-08-0010 has Logged In.'),
(1314, '2018-10-11 16:19:00.000000', 'System', 'ALERT', '2018-08-0010 has Logged Out.'),
(1315, '2018-10-11 16:19:00.000000', 'PLUMAPP', 'ALERT', 'p has Logged In.'),
(1316, '2018-10-11 16:20:00.000000', 'System', 'ALERT', 'p has Logged Out.'),
(1317, '2018-10-11 20:50:00.000000', 'System', 'ALERT', 'admin has Logged In.'),
(1318, '2018-10-11 20:50:00.000000', 'admin', 'EXPORT', 'Printed Summary Report for September-2018.'),
(1319, '2018-10-11 20:53:00.000000', 'admin', 'EXPORT', 'Printed Abstract for September-2018-All Days.'),
(1320, '2018-10-11 20:54:00.000000', 'admin', 'EXPORT', 'Printed Abstract for October-2018-All Days.'),
(1321, '2018-10-11 20:58:00.000000', 'System', 'ALERT', 'admin has Logged Out.'),
(1322, '2018-10-12 12:26:00.000000', 'System', 'ALERT', 'admin has Logged In.'),
(1323, '2018-10-12 12:26:00.000000', 'System', 'ALERT', 'admin has Logged Out.'),
(1324, '2018-10-13 08:23:00.000000', 'System', 'ALERT', 'admin has Logged In.'),
(1325, '2018-10-13 08:23:00.000000', 'admin', 'MODIFICATION', 'Changed Bill Details for Water Bill: WB-0058.'),
(1326, '2018-10-13 08:24:00.000000', 'admin', 'MODIFICATION', 'Changed Bill Details for Water Bill: WB-0058.'),
(1327, '2018-10-13 08:24:00.000000', 'admin', 'MODIFICATION', 'Changed Bill Details for Water Bill: WB-0058.'),
(1328, '2018-10-13 08:24:00.000000', 'admin', 'MODIFICATION', 'Changed Bill Details for Water Bill: WB-0058.'),
(1329, '2018-10-13 08:26:00.000000', 'admin', 'MODIFICATION', 'Changed Bill Details for Water Bill: WB-0058.'),
(1330, '2018-10-13 08:31:00.000000', 'admin', 'MODIFICATION', 'Changed Bill Details for Water Bill: WB-0058.'),
(1331, '2018-10-13 08:34:00.000000', 'admin', 'MODIFICATION', 'Changed Bill Details for Water Bill: WB-0086.'),
(1332, '2018-10-13 08:37:00.000000', 'admin', 'MODIFICATION', 'Changed Bill Details for Water Bill: WB-0058.'),
(1333, '2018-10-13 08:37:00.000000', 'admin', 'MODIFICATION', 'Changed Bill Details for Water Bill: WB-0058.'),
(1334, '2018-10-13 08:38:00.000000', 'admin', 'MODIFICATION', 'Changed Bill Details for Water Bill: WB-0058.'),
(1335, '2018-10-13 08:38:00.000000', 'admin', 'MODIFICATION', 'Changed Bill Details for Water Bill: WB-0058.'),
(1336, '2018-10-13 08:38:00.000000', 'admin', 'MODIFICATION', 'Changed Bill Details for Water Bill: WB-0058.'),
(1337, '2018-10-13 08:41:00.000000', 'admin', 'MODIFICATION', 'Changed Bill Details for Water Bill: WB-0058.'),
(1338, '2018-10-13 08:41:00.000000', 'admin', 'MODIFICATION', 'Changed Bill Details for Water Bill: WB-0058.'),
(1339, '2018-10-13 08:42:00.000000', 'admin', 'MODIFICATION', 'Changed Bill Details for Water Bill: WB-0058.'),
(1340, '2018-10-13 08:42:00.000000', 'admin', 'MODIFICATION', 'Changed Bill Details for Water Bill: WB-0058.'),
(1341, '2018-10-13 08:46:00.000000', 'admin', 'MODIFICATION', 'Changed Bill Details for Water Bill: WB-0058.'),
(1342, '2018-10-13 08:47:00.000000', 'admin', 'MODIFICATION', 'Changed Bill Details for Water Bill: WB-0058.'),
(1343, '2018-10-13 08:47:00.000000', 'admin', 'MODIFICATION', 'Changed Bill Details for Water Bill: WB-0058.'),
(1344, '2018-10-13 08:49:00.000000', 'admin', 'MODIFICATION', 'Changed Bill Details for Water Bill: WB-0058.'),
(1345, '2018-10-13 08:49:00.000000', 'admin', 'MODIFICATION', 'Changed Bill Details for Water Bill: WB-0086.'),
(1346, '2018-10-13 08:49:00.000000', 'System', 'ALERT', 'admin has Logged Out.'),
(1347, '2018-10-13 11:16:00.000000', 'System', 'ALERT', 'admin has Logged In.'),
(1348, '2018-10-13 11:17:00.000000', 'admin', 'MODIFICATION', 'Changed the Consumer Details of Consumer: 0018.'),
(1349, '2018-10-13 11:18:00.000000', 'admin', 'ALERT', 'Sent SMS Notifications for Water Bill.'),
(1350, '2018-10-13 11:22:00.000000', 'admin', 'ALERT', 'Sent SMS Notifications for Water Bill.'),
(1351, '2018-10-13 11:25:00.000000', 'admin', 'ALERT', 'Sent SMS Notifications for Water Bill.'),
(1352, '2018-10-13 12:12:00.000000', 'System', 'ALERT', 'admin has Logged In.'),
(1353, '2018-10-13 12:14:00.000000', 'System', 'ALERT', 'admin has Logged Out.'),
(1354, '2018-10-13 12:14:00.000000', 'System', 'ALERT', 'admin has Logged In.'),
(1355, '2018-10-13 12:14:00.000000', 'System', 'ALERT', 'admin has Logged Out.'),
(1356, '2018-10-13 12:15:00.000000', 'System', 'ALERT', ' has Logged In.'),
(1357, '2018-10-13 12:15:00.000000', 'System', 'ALERT', 'admin has Logged In.'),
(1358, '2018-10-13 12:16:00.000000', 'admin', 'MODIFICATION', 'Changed Reading Status for Barangay: Cogon.'),
(1359, '2018-10-13 12:16:00.000000', 'admin', 'MODIFICATION', 'Changed Reading Status for Barangay: DISABLE ALL.'),
(1360, '2018-10-14 10:45:00.000000', 'System', 'ALERT', 'admin has Logged In.'),
(1361, '2018-10-14 10:45:00.000000', 'System', 'ALERT', 'admin has Logged Out.'),
(1362, '2018-10-14 10:46:00.000000', 'System', 'ALERT', 'ACC-001 has Logged In.'),
(1363, '2018-10-14 10:46:00.000000', 'System', 'ALERT', 'ACC-001 has Logged Out.'),
(1364, '2018-10-14 10:46:00.000000', 'System', 'ALERT', 'admin has Logged In.'),
(1365, '2018-10-14 10:47:00.000000', 'admin', 'MODIFICATION', 'Changed the User Details of User: \n				ADMIN-002.'),
(1366, '2018-10-14 10:47:00.000000', 'admin', 'MODIFICATION', 'Changed the User Details of User: \n				CASHIER-001.'),
(1367, '2018-10-14 10:47:00.000000', 'admin', 'MODIFICATION', 'Deleted User: jingoy.'),
(1368, '2018-10-14 10:47:00.000000', 'admin', 'MODIFICATION', 'Changed the User Details of User: \n				p.'),
(1369, '2018-10-14 10:48:00.000000', 'admin', 'MODIFICATION', 'Changed the User Details of User: \n				ACC-001.'),
(1370, '2018-10-14 10:50:00.000000', 'admin', 'MODIFICATION', 'Changed the Consumer Details of Consumer: 0017.'),
(1371, '2018-10-14 10:52:00.000000', 'admin', 'MODIFICATION', 'Changed the Consumer Details of Consumer: 0029.'),
(1372, '2018-10-14 10:52:00.000000', 'admin', 'MODIFICATION', 'Changed the Consumer Details of Consumer: 0028.'),
(1373, '2018-10-14 10:53:00.000000', 'admin', 'MODIFICATION', 'Changed the Consumer Details of Consumer: 0033.'),
(1374, '2018-10-14 10:54:00.000000', 'admin', 'MODIFICATION', 'Changed the Consumer Details of Consumer: 0010.'),
(1375, '2018-10-14 10:54:00.000000', 'PLUMAPP', 'ALERT', 'leon has Logged In.'),
(1376, '2018-10-14 10:55:00.000000', 'admin', 'MODIFICATION', 'Changed the Consumer Details of Consumer: 0022.'),
(1377, '2018-10-14 10:55:00.000000', 'admin', 'MODIFICATION', 'Changed the Consumer Details of Consumer: 0011.'),
(1378, '2018-10-14 10:56:00.000000', 'admin', 'MODIFICATION', 'Changed the Consumer Details of Consumer: 0021.'),
(1379, '2018-10-14 10:56:00.000000', 'admin', 'MODIFICATION', 'Changed Reading Status for Barangay: Tughan.'),
(1380, '2018-10-14 10:59:00.000000', 'admin', 'MODIFICATION', 'Changed the Consumer Details of Consumer: 0015.'),
(1381, '2018-10-14 10:59:00.000000', 'admin', 'MODIFICATION', 'Changed the Consumer Details of Consumer: 0032.'),
(1382, '2018-10-14 11:02:00.000000', 'admin', 'MODIFICATION', 'Changed the Consumer Details of Consumer: 0016.'),
(1383, '2018-10-14 11:05:00.000000', 'admin', 'MODIFICATION', 'Changed the Consumer Details of Consumer: 0012.'),
(1384, '2018-10-14 11:05:00.000000', 'admin', 'MODIFICATION', 'Changed the Consumer Details of Consumer: 0019.'),
(1385, '2018-10-14 11:08:00.000000', 'admin', 'MODIFICATION', 'Changed the Consumer Details of Consumer: 0014.'),
(1386, '2018-10-14 11:08:00.000000', 'admin', 'MODIFICATION', 'Changed the Consumer Details of Consumer: 0031.'),
(1387, '2018-10-14 11:09:00.000000', 'admin', 'MODIFICATION', 'Changed the Consumer Details of Consumer: 0023.'),
(1388, '2018-10-14 11:10:00.000000', 'admin', 'MODIFICATION', 'Changed the Consumer Details of Consumer: 0030.'),
(1389, '2018-10-14 11:12:00.000000', 'admin', 'MODIFICATION', 'Changed the Consumer Details of Consumer: 0012.'),
(1390, '2018-10-14 11:14:00.000000', 'admin', 'MODIFICATION', 'Changed the Consumer Details of Consumer: 0032.'),
(1391, '2018-10-14 11:15:00.000000', 'admin', 'MODIFICATION', 'Changed the Consumer Details of Consumer: 0020.'),
(1392, '2018-10-14 11:15:00.000000', 'admin', 'MODIFICATION', 'Changed the Consumer Details of Consumer: 0021.'),
(1393, '2018-10-14 11:15:00.000000', 'PLUMAPP', 'ALERT', 'leon has Logged In.'),
(1394, '2018-10-14 11:15:00.000000', 'admin', 'MODIFICATION', 'Changed the Consumer Details of Consumer: 0022.'),
(1395, '2018-10-14 11:16:00.000000', 'admin', 'MODIFICATION', 'Changed the Consumer Details of Consumer: 0023.'),
(1396, '2018-10-14 11:17:00.000000', 'admin', 'MODIFICATION', 'Changed the Consumer Details of Consumer: 0028.'),
(1397, '2018-10-14 11:17:00.000000', 'System', 'ALERT', ' has Logged Out.'),
(1398, '2018-10-14 11:17:00.000000', 'PLUMAPP', 'ALERT', 'leon has Logged In.'),
(1399, '2018-10-14 11:17:00.000000', 'admin', 'MODIFICATION', 'Changed the Consumer Details of Consumer: 0029.'),
(1400, '2018-10-14 11:17:00.000000', 'admin', 'MODIFICATION', 'Changed the Consumer Details of Consumer: 0030.'),
(1401, '2018-10-14 11:17:00.000000', 'admin', 'MODIFICATION', 'Changed the Consumer Details of Consumer: 0031.'),
(1402, '2018-10-14 11:17:00.000000', 'admin', 'MODIFICATION', 'Changed the Consumer Details of Consumer: 0032.'),
(1403, '2018-10-14 11:18:00.000000', 'admin', 'MODIFICATION', 'Changed the Consumer Details of Consumer: 0033.'),
(1404, '2018-10-14 11:19:00.000000', 'admin', 'MODIFICATION', 'Changed the Consumer Details of Consumer: 0010.'),
(1405, '2018-10-14 11:19:00.000000', 'admin', 'MODIFICATION', 'Changed the Consumer Details of Consumer: 0012.'),
(1406, '2018-10-14 11:19:00.000000', 'admin', 'MODIFICATION', 'Changed the Consumer Details of Consumer: 0013.'),
(1407, '2018-10-14 11:19:00.000000', 'admin', 'MODIFICATION', 'Changed the Consumer Details of Consumer: 0014.'),
(1408, '2018-10-14 11:19:00.000000', 'admin', 'MODIFICATION', 'Changed the Consumer Details of Consumer: 0015.'),
(1409, '2018-10-14 11:19:00.000000', 'admin', 'MODIFICATION', 'Changed the Consumer Details of Consumer: 0016.'),
(1410, '2018-10-14 11:19:00.000000', 'admin', 'MODIFICATION', 'Changed the Consumer Details of Consumer: 0017.'),
(1411, '2018-10-14 11:19:00.000000', 'admin', 'MODIFICATION', 'Changed the Consumer Details of Consumer: 0018.'),
(1412, '2018-10-14 11:20:00.000000', 'admin', 'MODIFICATION', 'Changed the Consumer Details of Consumer: 0019.'),
(1413, '2018-10-14 11:20:00.000000', 'admin', 'MODIFICATION', 'Changed Reading Status for Barangay: Biriran.'),
(1414, '2018-10-14 11:21:00.000000', 'PLUMAPP', 'ALERT', 'leon has Logged In.'),
(1415, '2018-10-14 11:23:00.000000', 'admin', 'MODIFICATION', 'Changed the Consumer Details of Consumer: 0011.'),
(1416, '2018-10-14 11:23:00.000000', 'admin', 'MODIFICATION', 'Changed Reading Status for Barangay: Catanagan.'),
(1417, '2018-10-14 11:23:00.000000', 'System', 'ALERT', ' has Logged Out.'),
(1418, '2018-10-14 11:25:00.000000', 'admin', 'MODIFICATION', 'Changed the Consumer Details of Consumer: 0011.'),
(1419, '2018-10-14 11:25:00.000000', 'System', 'ALERT', ' has Logged Out.'),
(1420, '2018-10-14 11:33:00.000000', 'admin', 'MODIFICATION', 'Changed the Consumer Details of Consumer: 0017.'),
(1421, '2018-10-14 11:33:00.000000', 'System', 'ALERT', ' has Logged Out.'),
(1422, '2018-10-14 11:42:00.000000', 'admin', 'MODIFICATION', 'Changed Reading Status for Barangay: DISABLE ALL.'),
(1423, '2018-10-14 11:43:00.000000', 'System', 'ALERT', 'admin has Logged Out.'),
(1424, '2018-10-14 11:44:00.000000', 'PLUMAPP', 'ALERT', 'leon has Logged In.'),
(1425, '2018-10-14 11:44:00.000000', 'System', 'ALERT', 'ELVY has Logged In.'),
(1426, '2018-10-14 11:44:00.000000', 'ELVY', 'MODIFICATION', 'Changed Reading Status for Barangay: Tughan.'),
(1427, '2018-10-14 11:45:00.000000', 'ELVY', 'MODIFICATION', 'Changed Reading Status for Barangay: Biriran.'),
(1428, '2018-10-14 11:45:00.000000', 'System', 'ALERT', 'leon has Logged Out.'),
(1429, '2018-10-14 11:45:00.000000', 'PLUMAPP', 'ALERT', 'leon has Logged In.'),
(1430, '2018-10-14 11:45:00.000000', 'System', 'ALERT', 'leon has Logged Out.'),
(1431, '2018-10-14 11:47:00.000000', 'PLUMAPP', 'ALERT', 'leon has Logged In.'),
(1432, '2018-10-14 11:57:00.000000', 'System', 'ALERT', 'leon has Logged Out.'),
(1433, '2018-10-14 11:57:00.000000', 'System', 'ALERT', 'admin has Logged In.'),
(1434, '2018-10-14 12:28:00.000000', 'System', 'ALERT', 'admin has Logged In.'),
(1435, '2018-10-14 12:40:00.000000', 'System', 'ALERT', 'admin has Logged In.'),
(1436, '2018-10-14 12:41:00.000000', 'admin', 'EXPORT', 'Printed Summary Report for September-2018.'),
(1437, '2018-10-14 12:46:00.000000', 'admin', 'EXPORT', 'Printed the Ledger of Consumer: 0010.'),
(1438, '2018-10-14 12:47:00.000000', 'admin', 'EXPORT', 'Printed Water Bill: WB-0095.'),
(1439, '2018-10-14 12:49:00.000000', 'admin', 'EXPORT', 'Printed Reading Sheet for Barangay: Biriran.'),
(1440, '2018-10-14 12:55:00.000000', 'admin', 'EXPORT', 'Printed Reading Sheet for Barangay: Biriran.'),
(1441, '2018-10-14 12:58:00.000000', 'admin', 'EXPORT', 'Printed Reading Sheet for Barangay: Biriran.'),
(1442, '2018-10-14 12:58:00.000000', 'admin', 'EXPORT', 'Printed Reading Sheet for Barangay: Biriran.'),
(1443, '2018-10-14 13:15:00.000000', 'System', 'ALERT', 'admin has Logged In.'),
(1444, '2018-10-14 13:15:00.000000', 'admin', 'EXPORT', 'Printed Reading Sheet for Barangay: Binanuahan.'),
(1445, '2018-10-14 13:18:00.000000', 'admin', 'EXPORT', 'Printed Abstract for October-2018-All Days.'),
(1446, '2018-10-14 13:19:00.000000', 'admin', 'EXPORT', 'Printed Abstract for October-2018-All Days.'),
(1447, '2018-10-14 13:22:00.000000', 'admin', 'MODIFICATION', 'Water Bill Created for Consumer: 2018-08-001.'),
(1448, '2018-10-14 13:24:00.000000', 'admin', 'MODIFICATION', 'Deleted Water Bill: WB-0117.'),
(1449, '2018-10-14 13:24:00.000000', 'System', 'ALERT', 'admin has Logged Out.'),
(1450, '2018-10-14 14:48:00.000000', 'PLUMAPP', 'ALERT', 'leon has Logged In.'),
(1451, '2018-10-14 14:48:00.000000', 'System', 'ALERT', 'leon has Logged Out.'),
(1452, '2018-10-14 14:49:00.000000', 'PLUMAPP', 'ALERT', 'leon has Logged In.'),
(1453, '2018-10-14 14:51:00.000000', 'PLUMAPP', 'ALERT', 'leon has Logged In.'),
(1454, '2018-10-14 18:01:00.000000', 'PLUMAPP', 'ALERT', 'leon has Logged In.'),
(1455, '2018-10-14 18:21:00.000000', 'PLUMAPP', 'ALERT', 'leon has Logged In.'),
(1456, '2018-10-14 18:34:00.000000', 'PLUMAPP', 'ALERT', 'leon has Logged In.'),
(1457, '2018-10-14 18:45:00.000000', 'PLUMAPP', 'ALERT', 'leon has Logged In.'),
(1458, '2018-10-14 18:49:00.000000', 'System', 'ALERT', 'admin has Logged In.'),
(1459, '2018-10-14 18:57:00.000000', 'admin', 'MODIFICATION', 'Deleted Water Bill: WB-0118.'),
(1460, '2018-10-14 18:58:00.000000', 'System', 'ALERT', 'admin has Logged Out.'),
(1461, '2018-10-14 18:58:00.000000', 'System', 'ALERT', 'leon has Logged Out.'),
(1462, '2018-10-14 19:00:00.000000', 'System', 'ALERT', 'admin has Logged In.'),
(1463, '2018-10-14 19:07:00.000000', 'admin', 'MODIFICATION', 'Water Bill Created for Consumer: 2018-08-001.'),
(1464, '2018-10-14 19:07:00.000000', 'admin', 'MODIFICATION', 'Changed the Consumer Details of Consumer: 0010.'),
(1465, '2018-10-14 19:09:00.000000', 'admin', 'MODIFICATION', 'Deleted Water Bill: WB-0119.'),
(1466, '2018-10-15 06:22:00.000000', 'System', 'ALERT', 'adolfo has Logged In.'),
(1467, '2018-10-15 08:01:00.000000', 'PLUMAPP', 'ALERT', 'leon has Logged In.'),
(1468, '2018-10-15 08:01:00.000000', 'System', 'ALERT', 'elvy has Logged In.'),
(1469, '2018-10-15 08:02:00.000000', 'elvy', 'MODIFICATION', 'Water Bill Created for Consumer: 2018-08-001.'),
(1470, '2018-10-15 08:03:00.000000', 'elvy', 'MODIFICATION', 'Deleted Water Bill: WB-0120.'),
(1471, '2018-10-15 08:03:00.000000', 'elvy', 'MODIFICATION', 'Changed the Consumer Details of Consumer: 0010.'),
(1472, '2018-10-15 08:07:00.000000', 'elvy', 'ALERT', 'Sent SMS Notifications for Water Bill.'),
(1473, '2018-10-15 08:08:00.000000', 'elvy', 'EXPORT', 'Printed Summary Report for September-2018.'),
(1474, '2018-10-15 08:09:00.000000', 'System', 'ALERT', 'leon has Logged Out.'),
(1475, '2018-10-15 08:10:00.000000', 'elvy', 'EXPORT', 'Printed Abstract for August-2018-All Days.'),
(1476, '2018-10-15 08:12:00.000000', 'elvy', 'EXPORT', 'Printed Abstract for August-2018-All Days.'),
(1477, '2018-10-15 08:13:00.000000', 'PLUMAPP', 'ALERT', 'leon has Logged In.'),
(1478, '2018-10-15 08:13:00.000000', 'elvy', 'MODIFICATION', 'Deleted Water Bill: WB-0121.'),
(1479, '2018-10-15 08:14:00.000000', 'elvy', 'MODIFICATION', 'Deleted Water Bill: WB-0122.'),
(1480, '2018-10-15 08:15:00.000000', 'System', 'ALERT', 'leon has Logged Out.'),
(1481, '2018-10-15 08:15:00.000000', 'elvy', 'MODIFICATION', 'Changed the Consumer Details of Consumer: 0010.'),
(1482, '2018-10-15 08:16:00.000000', 'PLUMAPP', 'ALERT', 'leon has Logged In.'),
(1483, '2018-10-15 08:16:00.000000', 'elvy', 'MODIFICATION', 'Changed Reading Status for Barangay: Cogon.'),
(1484, '2018-10-15 08:19:00.000000', 'elvy', 'MODIFICATION', 'Deleted Water Bill: WB-0123.'),
(1485, '2018-10-15 08:19:00.000000', 'elvy', 'MODIFICATION', 'Deleted Consumer: 0010.'),
(1486, '2018-10-15 08:19:00.000000', 'System', 'ALERT', 'leon has Logged Out.'),
(1487, '2018-10-15 08:20:00.000000', 'System', 'ALERT', 'elvy has Logged Out.'),
(1488, '2018-10-15 08:20:00.000000', 'System', 'ALERT', 'admin has Logged In.'),
(1489, '2018-10-15 08:20:00.000000', 'System', 'ALERT', 'admin has Logged Out.'),
(1490, '2018-10-15 08:20:00.000000', 'System', 'ALERT', 'adolfo has Logged In.'),
(1491, '2018-10-15 08:20:00.000000', 'System', 'ALERT', 'adolfo has Logged Out.'),
(1492, '2018-10-15 08:21:00.000000', 'System', 'ALERT', 'admin has Logged In.'),
(1493, '2018-10-15 08:22:00.000000', 'admin', 'MODIFICATION', 'Added Consumer: Losabia, Kim A.'),
(1494, '2018-10-15 08:23:00.000000', 'admin', 'MODIFICATION', 'Deleted Consumer: 0034.'),
(1495, '2018-10-15 08:35:00.000000', 'System', 'ALERT', ' has Logged In.'),
(1496, '2018-10-15 08:35:00.000000', 'System', 'ALERT', 'admin has Logged In.'),
(1497, '2018-10-15 08:36:00.000000', 'System', 'ALERT', 'admin has Logged In.'),
(1498, '2018-10-15 08:36:00.000000', 'System', 'ALERT', 'admin has Logged Out.'),
(1499, '2018-10-15 08:36:00.000000', 'System', 'ALERT', 'admin has Logged Out.'),
(1500, '2018-10-15 08:36:00.000000', 'System', 'ALERT', 'elvy has Logged In.'),
(1501, '2018-10-15 08:36:00.000000', 'System', 'ALERT', 'admin  has Logged In.'),
(1502, '2018-10-15 08:39:00.000000', 'System', 'ALERT', 'elvy has Logged Out.'),
(1503, '2018-10-15 08:44:00.000000', 'admin ', 'MODIFICATION', 'Changed Reading Status for Barangay: DISABLE ALL.'),
(1504, '2018-10-15 08:47:00.000000', 'admin ', 'MODIFICATION', 'Added Consumer: Hular, adrian G.'),
(1505, '2018-10-15 08:49:00.000000', 'System', 'ALERT', 'Sent SMS Notifications.'),
(1506, '2018-10-15 08:49:00.000000', 'admin ', 'MODIFICATION', 'Added Invoice for Water Bill: WB-0125.'),
(1507, '2018-10-15 08:49:00.000000', 'admin ', 'MODIFICATION', 'Changed Bill Details for Water Bill: WB-0125.'),
(1508, '2018-10-15 08:52:00.000000', 'admin ', 'MODIFICATION', 'Changed the Meter Details of Meter: 8745454345.'),
(1509, '2018-10-15 08:53:00.000000', 'admin ', 'MODIFICATION', 'Water Bill Created for Consumer: 2018-08-001.'),
(1510, '2018-10-15 08:55:00.000000', 'admin ', 'MODIFICATION', 'Deleted Consumer: 0035.'),
(1511, '2018-10-15 08:56:00.000000', 'admin ', 'ALERT', 'Sent SMS Notifications for Water Bill.'),
(1512, '2018-10-15 08:56:00.000000', 'admin ', 'MODIFICATION', 'Deleted Water Bill: WB-0126.'),
(1513, '2018-10-15 08:59:00.000000', 'System', 'ALERT', 'admin  has Logged Out.'),
(1514, '2018-10-15 09:50:00.000000', 'CONAPP', 'ALERT', '2018-08-0011 has Logged In.'),
(1515, '2018-10-15 09:50:00.000000', 'System', 'ALERT', '2018-08-0011 has Logged Out.'),
(1516, '2018-10-15 10:21:00.000000', 'PLUMAPP', 'ALERT', 'leon has Logged In.'),
(1517, '2018-10-15 10:22:00.000000', 'System', 'ALERT', 'elvy has Logged In.'),
(1518, '2018-10-15 10:24:00.000000', 'System', 'ALERT', 'elvy has Logged In.'),
(1519, '2018-10-15 10:24:00.000000', 'elvy', 'MODIFICATION', 'Changed Reading Status for Barangay: Biriran.'),
(1520, '2018-10-15 10:25:00.000000', 'System', 'ALERT', 'leon has Logged Out.'),
(1521, '2018-10-15 11:03:00.000000', 'System', 'ALERT', 'admin has Logged In.'),
(1522, '2018-10-15 11:05:00.000000', 'admin', 'MODIFICATION', 'Added Consumer: Hamor, John B.'),
(1523, '2018-10-15 11:06:00.000000', 'System', 'ALERT', 'Sent SMS Notifications.'),
(1524, '2018-10-15 11:06:00.000000', 'admin', 'MODIFICATION', 'Added Invoice for Water Bill: WB-0127.'),
(1525, '2018-10-15 11:07:00.000000', 'admin', 'MODIFICATION', 'Changed the Consumer Details of Consumer: 0011.'),
(1526, '2018-10-15 11:08:00.000000', 'admin', 'MODIFICATION', 'Water Bill Created for Consumer: 2018-08-001.'),
(1527, '2018-10-15 11:09:00.000000', 'admin', 'ALERT', 'Sent SMS Notifications for Water Bill.'),
(1528, '2018-10-15 11:10:00.000000', 'admin', 'ALERT', 'Sent SMS Notifications for Water Bill.'),
(1529, '2018-10-15 11:13:00.000000', 'PLUMAPP', 'ALERT', 'leon has Logged In.'),
(1530, '2018-10-15 11:13:00.000000', 'admin', 'MODIFICATION', 'Changed Reading Status for Barangay: ENABLE ALL.'),
(1531, '2018-10-15 11:16:00.000000', 'System', 'ALERT', 'leon has Logged Out.'),
(1532, '2018-10-15 11:18:00.000000', 'PLUMAPP', 'ALERT', 'leon has Logged In.'),
(1533, '2018-10-15 11:20:00.000000', 'System', 'ALERT', 'leon has Logged Out.'),
(1534, '2018-10-15 11:21:00.000000', 'CONAPP', 'ALERT', '2018-08-0018 has Logged In.'),
(1535, '2018-10-15 11:31:00.000000', 'System', 'ALERT', 'Sent SMS Notifications.'),
(1536, '2018-10-15 11:31:00.000000', 'admin', 'MODIFICATION', 'Added Invoice for Water Bill: WB-0129.'),
(1537, '2018-10-15 11:34:00.000000', 'admin', 'MODIFICATION', 'Changed the Consumer Details of Consumer: 0012.'),
(1538, '2018-10-15 11:35:00.000000', 'admin', 'MODIFICATION', 'Changed the Consumer Details of Consumer: 0012.'),
(1539, '2018-10-15 11:36:00.000000', 'admin', 'MODIFICATION', 'Water Bill Created for Consumer: 2018-08-001.'),
(1540, '2018-10-15 11:37:00.000000', 'admin', 'MODIFICATION', 'Changed the Consumer Details of Consumer: 0012.'),
(1541, '2018-10-15 11:37:00.000000', 'admin', 'MODIFICATION', 'Changed Bill Details for Water Bill: WB-0131.'),
(1542, '2018-10-15 11:37:00.000000', 'System', 'ALERT', 'Sent SMS Notifications.'),
(1543, '2018-10-15 11:37:00.000000', 'admin', 'MODIFICATION', 'Added Invoice for Water Bill: WB-0131.'),
(1544, '2018-10-15 20:28:00.000000', 'System', 'ALERT', 'admin has Logged In.'),
(1545, '2018-10-15 20:32:00.000000', 'admin', 'MODIFICATION', 'Added User: a.'),
(1546, '2018-10-15 20:32:00.000000', 'admin', 'MODIFICATION', 'Deleted User: a.'),
(1547, '2018-10-15 20:36:00.000000', 'admin', 'MODIFICATION', 'Added User: 2018-08-0013.'),
(1548, '2018-10-15 20:36:00.000000', 'admin', 'MODIFICATION', 'Changed the User Details of User: \n				2018-08-0013.'),
(1549, '2018-10-16 11:40:00.000000', 'System', 'ALERT', 'admin has Logged In.'),
(1550, '2018-10-16 11:43:00.000000', 'CONAPP', 'ALERT', '2018-08-0013 has Logged In.'),
(1551, '2018-10-16 11:49:00.000000', 'CONAPP', 'ALERT', '2018-08-0018 has Logged In.'),
(1552, '2018-10-16 12:13:00.000000', 'System', 'ALERT', 'admin has Logged In.'),
(1553, '2018-10-16 12:14:00.000000', 'admin', 'MODIFICATION', 'Changed the Consumer Details of Consumer: 0011.'),
(1554, '2018-10-16 12:14:00.000000', 'admin', 'MODIFICATION', 'Changed the Consumer Details of Consumer: 0011.'),
(1555, '2018-10-16 12:14:00.000000', 'System', 'ALERT', 'admin has Logged Out.'),
(1556, '2018-10-17 19:29:00.000000', 'System', 'ALERT', 'admin has Logged In.'),
(1557, '2018-10-17 19:41:00.000000', 'System', 'ALERT', 'admin has Logged In.'),
(1558, '2018-10-17 19:42:00.000000', 'System', 'ALERT', 'admin has Logged Out.'),
(1559, '2018-10-17 19:42:00.000000', 'System', 'ALERT', 'admin has Logged In.'),
(1560, '2018-10-17 19:42:00.000000', 'admin', 'MODIFICATION', 'Changed the Consumer Details of Consumer: 0011.'),
(1561, '2018-10-17 19:43:00.000000', 'admin', 'MODIFICATION', 'Changed the Consumer Details of Consumer: 0011.'),
(1562, '2018-10-17 19:44:00.000000', 'System', 'ALERT', 'admin has Logged Out.'),
(1563, '2018-10-20 10:06:00.000000', 'System', 'ALERT', 'admin has Logged In.'),
(1564, '2018-10-25 11:47:00.000000', 'System', 'ALERT', 'admin has Logged In.'),
(1565, '2018-10-25 11:50:00.000000', 'admin', 'MODIFICATION', 'Water Bill Created for Consumer: 2018-08-001.'),
(1566, '2018-10-25 11:58:00.000000', 'admin', 'EXPORT', 'Printed Summary Report for October-2018.'),
(1567, '2018-10-25 12:01:00.000000', 'admin', 'MODIFICATION', 'Water Bill Created for Consumer: 2018-08-001.'),
(1568, '2018-10-25 12:02:00.000000', 'admin', 'MODIFICATION', 'Water Bill Created for Consumer: 2018-08-001.'),
(1569, '2018-10-25 12:03:00.000000', 'admin', 'MODIFICATION', 'Deleted Water Bill: WB-0134.'),
(1570, '2018-10-25 12:03:00.000000', 'admin', 'MODIFICATION', 'Water Bill Created for Consumer: 2018-08-001.'),
(1571, '2018-10-25 12:04:00.000000', 'admin', 'MODIFICATION', 'Water Bill Created for Consumer: 2018-08-001.'),
(1572, '2018-10-25 12:04:00.000000', 'admin', 'MODIFICATION', 'Water Bill Created for Consumer: 2018-08-001.'),
(1573, '2018-10-25 12:05:00.000000', 'admin', 'MODIFICATION', 'Water Bill Created for Consumer: 2018-08-002.'),
(1574, '2018-10-25 12:06:00.000000', 'admin', 'MODIFICATION', 'Water Bill Created for Consumer: 2018-08-002.'),
(1575, '2018-10-25 12:07:00.000000', 'admin', 'MODIFICATION', 'Water Bill Created for Consumer: 2018-08-002.'),
(1576, '2018-10-25 12:08:00.000000', 'admin', 'MODIFICATION', 'Water Bill Created for Consumer: 2018-08-002.'),
(1577, '2018-10-25 12:08:00.000000', 'admin', 'MODIFICATION', 'Deleted Water Bill: WB-0141.'),
(1578, '2018-10-25 12:18:00.000000', 'admin', 'MODIFICATION', 'Water Bill Created for Consumer: 2018-09-002.'),
(1579, '2018-10-25 12:19:00.000000', 'admin', 'MODIFICATION', 'Water Bill Created for Consumer: 2018-09-002.'),
(1580, '2018-10-25 12:20:00.000000', 'admin', 'MODIFICATION', 'Water Bill Created for Consumer: 2018-09-003.'),
(1581, '2018-10-25 12:22:00.000000', 'admin', 'MODIFICATION', 'Water Bill Created for Consumer: 2018-09-003.'),
(1582, '2018-10-25 12:23:00.000000', 'admin', 'MODIFICATION', 'Water Bill Created for Consumer: 2018-09-003.'),
(1583, '2018-10-25 12:23:00.000000', 'admin', 'MODIFICATION', 'Water Bill Created for Consumer: 2018-09-003.'),
(1584, '2018-10-25 12:26:00.000000', 'admin', 'MODIFICATION', 'Water Bill Created for Consumer: 2018-10-003.'),
(1585, '2018-10-25 12:27:00.000000', 'admin', 'MODIFICATION', 'Deleted Water Bill: WB-0148.'),
(1586, '2018-10-25 12:39:00.000000', 'admin', 'MODIFICATION', 'Deleted Water Bill: WB-0133.'),
(1587, '2018-10-25 12:40:00.000000', 'admin', 'MODIFICATION', 'Water Bill Created for Consumer: 2018-08-001.'),
(1588, '2018-10-25 12:42:00.000000', 'System', 'ALERT', 'Sent SMS Notifications.'),
(1589, '2018-10-25 12:42:00.000000', 'admin', 'MODIFICATION', 'Added Invoice for Water Bill: WB-0149.'),
(1590, '2018-10-25 12:43:00.000000', 'admin', 'MODIFICATION', 'Deleted Invoice for Water Bill: WB-0149.'),
(1591, '2018-10-25 12:45:00.000000', 'System', 'ALERT', 'admin has Logged Out.'),
(1592, '2018-10-29 10:25:00.000000', 'System', 'ALERT', 'admin has Logged In.'),
(1593, '2018-10-29 10:26:00.000000', 'System', 'ALERT', 'admin has Logged Out.'),
(1594, '2018-10-29 10:50:00.000000', 'System', 'ALERT', 'admin has Logged In.'),
(1595, '2018-11-13 10:34:00.000000', 'System', 'ALERT', 'admin has Logged In.'),
(1596, '2018-11-13 10:35:00.000000', 'System', 'ALERT', 'elvy has Logged In.'),
(1597, '2018-11-13 10:54:00.000000', 'elvy', 'EXPORT', 'Printed Water Bill: WB-0054.'),
(1598, '2018-11-13 10:57:00.000000', 'elvy', 'EXPORT', 'Printed Summary Report for October-2018.'),
(1599, '2018-11-13 11:09:00.000000', 'PLUMAPP', 'ALERT', 'leon has Logged In.'),
(1600, '2018-11-13 11:12:00.000000', 'elvy', 'MODIFICATION', 'Changed Reading Status for Barangay: Biriran.'),
(1601, '2018-11-13 11:12:00.000000', 'elvy', 'MODIFICATION', 'Changed Reading Status for Barangay: DISABLE ALL.'),
(1602, '2018-11-13 11:12:00.000000', 'System', 'ALERT', 'leon has Logged Out.'),
(1603, '2018-11-13 11:14:00.000000', 'CONAPP', 'ALERT', '2018-08-0013 has Logged In.');
INSERT INTO `system_logs` (`log_id`, `log_time`, `originator`, `type`, `description`) VALUES
(1604, '2018-11-13 11:17:00.000000', 'CONAPP', 'ALERT', '2018-08-0013 has Logged In.'),
(1605, '2018-11-13 11:19:00.000000', 'System', 'ALERT', '2018-08-0013 has Logged Out.'),
(1606, '2018-11-13 11:19:00.000000', 'CONAPP', 'ALERT', '2018-08-0018 has Logged In.'),
(1607, '2018-11-13 11:20:00.000000', 'System', 'ALERT', '2018-08-0018 has Logged Out.'),
(1608, '2018-11-13 11:20:00.000000', 'System', 'ALERT', 'elvy has Logged Out.'),
(1609, '2018-11-13 11:20:00.000000', 'System', 'ALERT', 'admin  has Logged In.'),
(1610, '2018-11-13 11:21:00.000000', 'System', 'ALERT', 'admin  has Logged Out.'),
(1611, '2018-11-13 11:21:00.000000', 'System', 'ALERT', 'marie has Logged In.'),
(1612, '2018-11-13 11:21:00.000000', 'System', 'ALERT', 'marie has Logged Out.'),
(1613, '2018-11-13 12:13:00.000000', 'System', 'ALERT', 'marie has Logged In.'),
(1614, '2018-11-13 12:19:00.000000', 'System', 'ALERT', 'marie has Logged Out.'),
(1615, '2018-11-13 12:20:00.000000', 'System', 'ALERT', 'admin has Logged In.'),
(1616, '2018-11-13 12:20:00.000000', 'System', 'ALERT', 'admin has Logged Out.'),
(1617, '2018-11-13 12:20:00.000000', 'System', 'ALERT', 'adolfo has Logged In.'),
(1618, '2018-11-13 12:22:00.000000', 'System', 'ALERT', 'adolfo has Logged Out.'),
(1619, '2018-11-13 12:22:00.000000', 'System', 'ALERT', 'admin has Logged In.'),
(1620, '2018-11-13 12:23:00.000000', 'System', 'ALERT', 'admin has Logged Out.'),
(1621, '2018-11-14 13:57:00.000000', 'System', 'ALERT', 'admin has Logged In.'),
(1622, '2018-11-14 13:57:00.000000', 'System', 'ALERT', 'admin has Logged Out.'),
(1623, '2018-11-14 14:22:00.000000', 'CONAPP', 'ALERT', '2018-08-0018 has Logged In.'),
(1624, '2018-11-14 14:22:00.000000', 'System', 'ALERT', '2018-08-0018 has Logged Out.'),
(1625, '2018-11-16 12:07:00.000000', 'CONAPP', 'ALERT', '2018-08-0018 has Logged In.'),
(1626, '2018-11-16 12:08:00.000000', 'System', 'ALERT', '2018-08-0018 has Logged Out.'),
(1627, '2018-11-16 12:08:00.000000', 'CONAPP', 'ALERT', '2018-08-0013 has Logged In.'),
(1628, '2018-11-16 12:09:00.000000', 'System', 'ALERT', '2018-08-0013 has Logged Out.'),
(1629, '2018-11-16 14:11:00.000000', 'System', 'ALERT', 'admin has Logged In.'),
(1630, '2018-11-16 14:12:00.000000', 'System', 'ALERT', 'admin has Logged Out.'),
(1631, '2018-11-16 14:21:00.000000', 'System', 'ALERT', 'marie has Logged In.'),
(1632, '2018-11-19 18:26:00.000000', 'System', 'ALERT', 'admin has Logged In.'),
(1633, '2018-11-19 18:28:00.000000', 'System', 'ALERT', 'admin has Logged Out.'),
(1634, '2018-11-19 18:28:00.000000', 'System', 'ALERT', 'admin has Logged In.'),
(1635, '2018-11-19 18:33:00.000000', 'admin', 'MODIFICATION', 'Water Bill Created for Consumer: 2018-10-003.'),
(1636, '2018-11-19 18:33:00.000000', 'admin', 'MODIFICATION', 'Deleted Water Bill: WB-0150.'),
(1637, '2018-11-19 18:34:00.000000', 'admin', 'MODIFICATION', 'Deleted Consumer: 0036.'),
(1638, '2018-11-19 18:35:00.000000', 'admin', 'MODIFICATION', 'Changed Bill Details for Water Bill: WB-0131.'),
(1639, '2018-11-19 18:36:00.000000', 'admin', 'MODIFICATION', 'Changed Invoice Details for Water Bill: WB-0131.'),
(1640, '2018-11-19 18:52:00.000000', 'admin', 'MODIFICATION', 'Changed Bill Details for Water Bill: WB-0131.'),
(1641, '2018-11-19 18:53:00.000000', 'System', 'ALERT', 'admin has Logged Out.'),
(1642, '2018-11-27 13:43:00.000000', 'System', 'ALERT', 'admin has Logged In.'),
(1643, '2018-11-27 13:44:00.000000', 'System', 'ALERT', 'admin has Logged Out.'),
(1644, '2018-11-27 13:44:00.000000', 'System', 'ALERT', 'admin has Logged In.'),
(1645, '2018-11-27 13:46:00.000000', 'System', 'ALERT', 'admin has Logged Out.'),
(1646, '2018-11-28 09:45:00.000000', 'System', 'ALERT', 'elvy has Logged In.'),
(1647, '2018-11-28 09:54:00.000000', 'elvy', 'MODIFICATION', 'Water Bill Created for Consumer: 2018-08-001.'),
(1648, '2018-11-28 09:56:00.000000', 'elvy', 'MODIFICATION', 'Deleted Water Bill: WB-0150.'),
(1649, '2018-11-28 10:05:00.000000', 'System', 'ALERT', 'elvy has Logged Out.'),
(1650, '2018-11-30 19:12:00.000000', 'System', 'ALERT', 'admin has Logged In.'),
(1651, '2018-11-30 19:20:00.000000', 'System', 'ALERT', 'admin has Logged Out.'),
(1652, '2018-12-04 08:33:00.000000', 'System', 'ALERT', ' has Logged In.'),
(1653, '2018-12-04 08:33:00.000000', 'System', 'ALERT', ' has Logged In.'),
(1654, '2018-12-06 15:35:00.000000', 'System', 'ALERT', 'admin has Logged In.'),
(1655, '2018-12-06 15:35:00.000000', 'System', 'ALERT', 'admin has Logged Out.'),
(1656, '2018-12-06 15:37:00.000000', 'System', 'ALERT', 'admin has Logged In.'),
(1657, '2018-12-06 15:37:00.000000', 'admin', 'MODIFICATION', 'Water Bill Created for Consumer: 2018-08-001.'),
(1658, '2018-12-06 15:37:00.000000', 'admin', 'MODIFICATION', 'Deleted Water Bill: WB-0151.'),
(1659, '2018-12-06 15:38:00.000000', 'System', 'ALERT', 'admin has Logged Out.'),
(1660, '2018-12-06 19:32:00.000000', 'System', 'ALERT', 'marie has Logged In.'),
(1661, '2018-12-06 19:34:00.000000', 'marie', 'MODIFICATION', 'Water Bill Created for Consumer: 2018-08-001.'),
(1662, '2018-12-06 19:36:00.000000', 'marie', 'MODIFICATION', 'Changed Bill Details for Water Bill: WB-0152.'),
(1663, '2018-12-06 19:36:00.000000', 'marie', 'MODIFICATION', 'Water Bill Created for Consumer: 2018-08-001.'),
(1664, '2018-12-06 19:37:00.000000', 'marie', 'MODIFICATION', 'Deleted Water Bill: WB-0153.'),
(1665, '2018-12-06 19:37:00.000000', 'marie', 'MODIFICATION', 'Water Bill Created for Consumer: 2018-08-001.'),
(1666, '2018-12-06 19:38:00.000000', 'marie', 'MODIFICATION', 'Changed Bill Details for Water Bill: WB-0154.'),
(1667, '2018-12-06 19:39:00.000000', 'marie', 'MODIFICATION', 'Water Bill Created for Consumer: 2018-08-001.'),
(1668, '2018-12-06 19:40:00.000000', 'System', 'ALERT', 'marie has Logged Out.'),
(1669, '2018-12-06 19:40:00.000000', 'System', 'ALERT', 'admin has Logged In.'),
(1670, '2018-12-06 19:40:00.000000', 'admin', 'MODIFICATION', 'Deleted Consumer: 0018.'),
(1671, '2018-12-06 19:41:00.000000', 'admin', 'MODIFICATION', 'Deleted Consumer: 0018.'),
(1672, '2018-12-06 19:42:00.000000', 'admin', 'MODIFICATION', 'Water Bill Created for Consumer: 2018-08-001.'),
(1673, '2018-12-06 19:42:00.000000', 'admin', 'MODIFICATION', 'Changed Bill Details for Water Bill: WB-0156.'),
(1674, '2018-12-06 19:43:00.000000', 'admin', 'MODIFICATION', 'Water Bill Created for Consumer: 2018-08-001.'),
(1675, '2018-12-06 19:43:00.000000', 'admin', 'MODIFICATION', 'Changed Bill Details for Water Bill: WB-0157.'),
(1676, '2018-12-06 19:43:00.000000', 'admin', 'MODIFICATION', 'Water Bill Created for Consumer: 2018-08-001.'),
(1677, '2018-12-06 19:44:00.000000', 'admin', 'MODIFICATION', 'Changed Bill Details for Water Bill: WB-0158.'),
(1678, '2018-12-06 19:44:00.000000', 'admin', 'MODIFICATION', 'Water Bill Created for Consumer: 2018-08-001.'),
(1679, '2018-12-06 19:44:00.000000', 'admin', 'MODIFICATION', 'Changed Bill Details for Water Bill: WB-0159.'),
(1680, '2018-12-06 19:45:00.000000', 'admin', 'MODIFICATION', 'Water Bill Created for Consumer: 2018-08-001.'),
(1681, '2018-12-06 19:45:00.000000', 'admin', 'MODIFICATION', 'Changed Bill Details for Water Bill: WB-0160.'),
(1682, '2018-12-06 19:45:00.000000', 'admin', 'MODIFICATION', 'Changed Bill Details for Water Bill: WB-0160.'),
(1683, '2018-12-06 19:46:00.000000', 'admin', 'MODIFICATION', 'Water Bill Created for Consumer: 2018-08-002.'),
(1684, '2018-12-06 19:47:00.000000', 'admin', 'MODIFICATION', 'Changed Bill Details for Water Bill: WB-0161.'),
(1685, '2018-12-06 19:47:00.000000', 'admin', 'MODIFICATION', 'Changed Bill Details for Water Bill: WB-0161.'),
(1686, '2018-12-06 19:48:00.000000', 'admin', 'MODIFICATION', 'Water Bill Created for Consumer: 2018-08-002.'),
(1687, '2018-12-06 19:48:00.000000', 'admin', 'MODIFICATION', 'Changed Bill Details for Water Bill: WB-0162.'),
(1688, '2018-12-06 19:49:00.000000', 'admin', 'MODIFICATION', 'Water Bill Created for Consumer: 2018-08-002.'),
(1689, '2018-12-06 19:49:00.000000', 'admin', 'MODIFICATION', 'Changed Bill Details for Water Bill: WB-0163.'),
(1690, '2018-12-06 19:49:00.000000', 'admin', 'MODIFICATION', 'Water Bill Created for Consumer: 2018-09-002.'),
(1691, '2018-12-06 19:50:00.000000', 'admin', 'MODIFICATION', 'Changed Bill Details for Water Bill: WB-0164.'),
(1692, '2018-12-06 19:50:00.000000', 'admin', 'MODIFICATION', 'Water Bill Created for Consumer: 2018-09-002.'),
(1693, '2018-12-06 19:51:00.000000', 'admin', 'MODIFICATION', 'Changed Bill Details for Water Bill: WB-0165.'),
(1694, '2018-12-06 19:51:00.000000', 'admin', 'MODIFICATION', 'Changed Bill Details for Water Bill: WB-0165.'),
(1695, '2018-12-06 19:51:00.000000', 'admin', 'MODIFICATION', 'Water Bill Created for Consumer: 2018-09-003.'),
(1696, '2018-12-06 19:51:00.000000', 'admin', 'MODIFICATION', 'Changed Bill Details for Water Bill: WB-0166.'),
(1697, '2018-12-06 19:52:00.000000', 'admin', 'MODIFICATION', 'Water Bill Created for Consumer: 2018-09-003.'),
(1698, '2018-12-06 19:52:00.000000', 'admin', 'MODIFICATION', 'Changed Bill Details for Water Bill: WB-0167.'),
(1699, '2018-12-06 19:53:00.000000', 'admin', 'MODIFICATION', 'Water Bill Created for Consumer: 2018-09-003.'),
(1700, '2018-12-06 19:53:00.000000', 'admin', 'MODIFICATION', 'Changed Bill Details for Water Bill: WB-0168.'),
(1701, '2018-12-06 19:54:00.000000', 'admin', 'MODIFICATION', 'Water Bill Created for Consumer: 2018-09-003.'),
(1702, '2018-12-06 19:54:00.000000', 'admin', 'MODIFICATION', 'Changed Bill Details for Water Bill: WB-0169.'),
(1703, '2018-12-06 19:54:00.000000', 'admin', 'MODIFICATION', 'Water Bill Created for Consumer: 2018-08-001.'),
(1704, '2018-12-06 19:54:00.000000', 'admin', 'MODIFICATION', 'Changed Bill Details for Water Bill: WB-0170.'),
(1705, '2018-12-06 19:56:00.000000', 'System', 'ALERT', 'admin has Logged Out.'),
(1706, '2018-12-07 09:16:00.000000', 'System', 'ALERT', 'admin has Logged In.'),
(1707, '2018-12-07 09:17:00.000000', 'System', 'ALERT', 'admin has Logged Out.'),
(1708, '2018-12-09 16:33:00.000000', 'CONAPP', 'ALERT', '2018-08-0014 has Logged In.'),
(1709, '2018-12-09 16:37:00.000000', 'System', 'ALERT', '2018-08-0014 has Logged Out.'),
(1710, '2018-12-09 16:42:00.000000', 'System', 'ALERT', 'admin has Logged In.'),
(1711, '2018-12-09 16:44:00.000000', 'System', 'ALERT', 'admin has Logged Out.'),
(1712, '2018-12-09 17:06:00.000000', 'System', 'ALERT', 'admin has Logged In.'),
(1713, '2018-12-09 17:07:00.000000', 'admin', 'MODIFICATION', 'Changed Bill Details for Water Bill: WB-0152.'),
(1714, '2018-12-09 17:11:00.000000', 'CONAPP', 'ALERT', '2018-08-0011 has Logged In.'),
(1715, '2018-12-09 17:11:00.000000', 'System', 'ALERT', 'admin has Logged Out.'),
(1716, '2018-12-22 20:46:00.000000', 'System', 'ALERT', 'admin has Logged In.'),
(1717, '2018-12-22 20:54:00.000000', 'admin', 'MODIFICATION', 'Water Bill Created for Consumer: 2018-08-001.'),
(1718, '2018-12-22 20:54:00.000000', 'admin', 'MODIFICATION', 'Water Bill Created for Consumer: 2018-08-001.'),
(1719, '2018-12-22 20:55:00.000000', 'admin', 'MODIFICATION', 'Water Bill Created for Consumer: 2018-08-001.'),
(1720, '2018-12-22 20:55:00.000000', 'admin', 'MODIFICATION', 'Water Bill Created for Consumer: 2018-08-001.'),
(1721, '2018-12-22 20:56:00.000000', 'admin', 'MODIFICATION', 'Water Bill Created for Consumer: 2018-08-001.'),
(1722, '2018-12-22 20:57:00.000000', 'admin', 'MODIFICATION', 'Water Bill Created for Consumer: 2018-08-001.'),
(1723, '2018-12-22 20:58:00.000000', 'admin', 'MODIFICATION', 'Water Bill Created for Consumer: 2018-08-001.'),
(1724, '2018-12-22 20:59:00.000000', 'admin', 'MODIFICATION', 'Water Bill Created for Consumer: 2018-08-002.'),
(1725, '2018-12-22 21:00:00.000000', 'admin', 'MODIFICATION', 'Water Bill Created for Consumer: 2018-08-002.'),
(1726, '2018-12-22 21:00:00.000000', 'admin', 'MODIFICATION', 'Water Bill Created for Consumer: 2018-08-002.'),
(1727, '2018-12-22 21:01:00.000000', 'admin', 'MODIFICATION', 'Water Bill Created for Consumer: 2018-09-002.'),
(1728, '2018-12-22 21:01:00.000000', 'admin', 'MODIFICATION', 'Water Bill Created for Consumer: 2018-09-002.'),
(1729, '2018-12-22 21:02:00.000000', 'admin', 'MODIFICATION', 'Water Bill Created for Consumer: 2018-09-003.'),
(1730, '2018-12-22 21:02:00.000000', 'admin', 'MODIFICATION', 'Water Bill Created for Consumer: 2018-09-003.'),
(1731, '2018-12-22 21:04:00.000000', 'admin', 'MODIFICATION', 'Water Bill Created for Consumer: 2018-09-003.'),
(1732, '2018-12-22 21:04:00.000000', 'admin', 'MODIFICATION', 'Water Bill Created for Consumer: 2018-09-003.'),
(1733, '2018-12-22 21:06:00.000000', 'admin', 'MODIFICATION', 'Water Bill Created for Consumer: 2018-08-001.'),
(1734, '2018-12-22 21:07:00.000000', 'System', 'ALERT', 'admin has Logged Out.'),
(1735, '2019-01-10 15:32:00.000000', 'System', 'ALERT', 'admin has Logged In.'),
(1736, '2019-01-10 15:32:00.000000', 'System', 'ALERT', 'admin has Logged Out.'),
(1737, '2019-01-10 15:34:00.000000', 'System', 'ALERT', ' has Logged In.'),
(1738, '2019-01-10 15:42:00.000000', 'System', 'ALERT', ' has Logged In.'),
(1739, '2019-01-10 15:42:00.000000', 'System', 'ALERT', ' has Logged In.'),
(1740, '2019-01-10 15:43:00.000000', 'System', 'ALERT', ' has Logged In.'),
(1741, '2019-01-10 15:43:00.000000', 'System', 'ALERT', ' has Logged In.'),
(1742, '2019-01-10 17:03:00.000000', 'System', 'ALERT', 'admin has Logged In.'),
(1743, '2019-01-10 17:04:00.000000', 'System', 'ALERT', 'admin has Logged Out.'),
(1744, '2019-01-10 17:06:00.000000', 'System', 'ALERT', 'admin has Logged In.'),
(1745, '2019-01-10 17:16:00.000000', 'System', 'ALERT', 'admin has Logged Out.'),
(1746, '2019-01-29 20:08:00.000000', 'System', 'ALERT', 'admin has Logged In.'),
(1747, '2019-01-29 20:10:00.000000', 'System', 'ALERT', 'admin has Logged Out.'),
(1748, '2019-01-29 20:16:00.000000', 'System', 'ALERT', 'admin has Logged In.');

-- --------------------------------------------------------

--
-- Table structure for table `users`
--

CREATE TABLE `users` (
  `username` varchar(255) NOT NULL,
  `password` varchar(255) NOT NULL,
  `user_type` varchar(255) NOT NULL,
  `status` varchar(255) NOT NULL,
  `date_added` date NOT NULL
) ENGINE=InnoDB DEFAULT CHARSET=latin1;

--
-- Dumping data for table `users`
--

INSERT INTO `users` (`username`, `password`, `user_type`, `status`, `date_added`) VALUES
('2018-08-0011', '2018-08-0011', 'Consumer', 'Online', '2018-08-19'),
('2018-08-0012', '2018-08-0012', 'Consumer', 'Offline', '2018-08-25'),
('2018-08-0013', '2018-08-0013', 'Consumer', 'Offline', '2018-10-15'),
('2018-08-0014', '2018-08-0014', 'Consumer', 'Offline', '2018-08-25'),
('2018-08-0015', '2018-08-0015', 'Consumer', 'Offline', '2018-08-25'),
('2018-08-0016', '2018-08-0016', 'Consumer', 'Offline', '2018-08-25'),
('2018-08-0017', '2018-08-0017', 'Consumer', 'Offline', '2018-08-25'),
('2018-08-0019', '2018-08-0019', 'Consumer', 'Offline', '2018-08-25'),
('2018-08-0020', '2018-08-0020', 'Consumer', 'Offline', '2018-08-25'),
('2018-08-0021', '2018-08-0021', 'Consumer', 'Offline', '2018-08-25'),
('2018-08-0022', '2018-08-0022', 'Consumer', 'Offline', '2018-08-25'),
('2018-08-0023', '2018-08-0023', 'Consumer', 'Offline', '2018-08-25'),
('2018-09-0028', '2018-09-0028', 'Consumer', 'Offline', '2018-09-29'),
('2018-09-0029', '2018-09-0029', 'Consumer', 'Offline', '2018-09-29'),
('2018-09-0030', '2018-09-0030', 'Consumer', 'Offline', '2018-09-29'),
('2018-09-0031', '2018-09-0031', 'Consumer', 'Offline', '2018-09-29'),
('2018-09-0032', '2018-09-0032', 'Consumer', 'Offline', '2018-09-29'),
('2018-09-0033', '2018-09-0033', 'Consumer', 'Offline', '2018-09-29'),
('admin', '1234', 'Administrator', 'Online', '2018-06-13'),
('adolfo', '1234', 'Cashier', 'Offline', '2018-06-13'),
('elvy', '1234', 'Administrator', 'Offline', '2018-08-25'),
('leon', '1234', 'Plumber', 'Offline', '2018-07-03'),
('marie', '1234', 'Accounting', 'Offline', '2018-06-13');

-- --------------------------------------------------------

--
-- Table structure for table `water_meters`
--

CREATE TABLE `water_meters` (
  `meter_serial_no` varchar(255) NOT NULL,
  `meter_brand` varchar(255) NOT NULL,
  `meter_size` varchar(255) NOT NULL,
  `initial_reading` int(25) NOT NULL
) ENGINE=InnoDB DEFAULT CHARSET=latin1;

--
-- Dumping data for table `water_meters`
--

INSERT INTO `water_meters` (`meter_serial_no`, `meter_brand`, `meter_size`, `initial_reading`) VALUES
('99M2093381', 'KENT', '60', 1000),
('S06DS123456', 'EVJET', '155', 900),
('SWS140232', 'Cannon', '140', 999),
('SWS140777', 'KENT', '130', 1000),
('SWS140856', 'KRANTI', '150', 1000),
('SWS1409121', 'ASAHI', '150', 1200),
('SWS1409221', 'EJET', '150', 1200),
('SWS1409241', 'EJET', '130', 1500),
('SWS1409333', 'EJET', '120', 999),
('SWS1409341', 'KENT', '120', 1200),
('SWS1409354', 'KAMSTRUP', '160', 1300),
('SWS1409555', 'BULHET', '150', 1000),
('SWS1409674', 'KENT', '150', 1300),
('SWS1409702', 'KRANTI', '150', 1300),
('SWS1409901', 'EVJET', '140', 1000),
('SWS1409921', 'Cannon', '150', 1500),
('SWS1409989', 'OMEGA', '120', 1100),
('SWS1409991', 'OMEGA', '150', 1400);

--
-- Indexes for dumped tables
--

--
-- Indexes for table `billing_schedule`
--
ALTER TABLE `billing_schedule`
  ADD PRIMARY KEY (`sched_id`);

--
-- Indexes for table `bills`
--
ALTER TABLE `bills`
  ADD PRIMARY KEY (`bill_id`);

--
-- Indexes for table `consumers`
--
ALTER TABLE `consumers`
  ADD PRIMARY KEY (`account_no`);

--
-- Indexes for table `inspections`
--
ALTER TABLE `inspections`
  ADD PRIMARY KEY (`inspector_id`);

--
-- Indexes for table `invoice`
--
ALTER TABLE `invoice`
  ADD PRIMARY KEY (`OR_no`);

--
-- Indexes for table `loan`
--
ALTER TABLE `loan`
  ADD PRIMARY KEY (`loan_id`);

--
-- Indexes for table `message_status`
--
ALTER TABLE `message_status`
  ADD PRIMARY KEY (`id`);

--
-- Indexes for table `rates`
--
ALTER TABLE `rates`
  ADD PRIMARY KEY (`connection_type`);

--
-- Indexes for table `readings`
--
ALTER TABLE `readings`
  ADD PRIMARY KEY (`reading_id`);

--
-- Indexes for table `reading_status`
--
ALTER TABLE `reading_status`
  ADD PRIMARY KEY (`barangay`);

--
-- Indexes for table `summary`
--
ALTER TABLE `summary`
  ADD PRIMARY KEY (`id`);

--
-- Indexes for table `system_logs`
--
ALTER TABLE `system_logs`
  ADD PRIMARY KEY (`log_id`);

--
-- Indexes for table `users`
--
ALTER TABLE `users`
  ADD PRIMARY KEY (`username`);

--
-- Indexes for table `water_meters`
--
ALTER TABLE `water_meters`
  ADD PRIMARY KEY (`meter_serial_no`);

--
-- AUTO_INCREMENT for dumped tables
--

--
-- AUTO_INCREMENT for table `billing_schedule`
--
ALTER TABLE `billing_schedule`
  MODIFY `sched_id` int(11) NOT NULL AUTO_INCREMENT, AUTO_INCREMENT=10;

--
-- AUTO_INCREMENT for table `bills`
--
ALTER TABLE `bills`
  MODIFY `bill_id` int(11) NOT NULL AUTO_INCREMENT, AUTO_INCREMENT=188;

--
-- AUTO_INCREMENT for table `consumers`
--
ALTER TABLE `consumers`
  MODIFY `account_no` int(25) NOT NULL AUTO_INCREMENT, AUTO_INCREMENT=34;

--
-- AUTO_INCREMENT for table `inspections`
--
ALTER TABLE `inspections`
  MODIFY `inspector_id` int(25) NOT NULL AUTO_INCREMENT, AUTO_INCREMENT=34;

--
-- AUTO_INCREMENT for table `loan`
--
ALTER TABLE `loan`
  MODIFY `loan_id` int(11) NOT NULL AUTO_INCREMENT, AUTO_INCREMENT=18;

--
-- AUTO_INCREMENT for table `message_status`
--
ALTER TABLE `message_status`
  MODIFY `id` int(11) NOT NULL AUTO_INCREMENT, AUTO_INCREMENT=9;

--
-- AUTO_INCREMENT for table `readings`
--
ALTER TABLE `readings`
  MODIFY `reading_id` int(11) NOT NULL AUTO_INCREMENT, AUTO_INCREMENT=163;

--
-- AUTO_INCREMENT for table `summary`
--
ALTER TABLE `summary`
  MODIFY `id` int(11) NOT NULL AUTO_INCREMENT, AUTO_INCREMENT=46;

--
-- AUTO_INCREMENT for table `system_logs`
--
ALTER TABLE `system_logs`
  MODIFY `log_id` int(25) NOT NULL AUTO_INCREMENT, AUTO_INCREMENT=1749;
COMMIT;

/*!40101 SET CHARACTER_SET_CLIENT=@OLD_CHARACTER_SET_CLIENT */;
/*!40101 SET CHARACTER_SET_RESULTS=@OLD_CHARACTER_SET_RESULTS */;
/*!40101 SET COLLATION_CONNECTION=@OLD_COLLATION_CONNECTION */;
